ENSG00000187608	ISG15	Gene Expression
ENSG00000186891	TNFRSF18	Gene Expression
ENSG00000186827	TNFRSF4	Gene Expression
ENSG00000157873	TNFRSF14	Gene Expression
ENSG00000215788	TNFRSF25	Gene Expression
ENSG00000049249	TNFRSF9	Gene Expression
ENSG00000171608	PIK3CD	Gene Expression
ENSG00000009724	MASP2	Gene Expression
ENSG00000120949	TNFRSF8	Gene Expression
ENSG00000028137	TNFRSF1B	Gene Expression
ENSG00000162438	CTRC	Gene Expression
ENSG00000117118	SDHB	Gene Expression
ENSG00000173372	C1QA	Gene Expression
ENSG00000173369	C1QB	Gene Expression
ENSG00000142677	IL22RA1	Gene Expression
ENSG00000020633	RUNX3	Gene Expression
ENSG00000169442	CD52	Gene Expression
ENSG00000176083	ZNF683	Gene Expression
ENSG00000117748	RPA2	Gene Expression
ENSG00000198492	YTHDF2	Gene Expression
ENSG00000182866	LCK	Gene Expression
ENSG00000092853	CLSPN	Gene Expression
ENSG00000119535	CSF3R	Gene Expression
ENSG00000134690	CDCA8	Gene Expression
ENSG00000116990	MYCL	Gene Expression
ENSG00000117399	CDC20	Gene Expression
ENSG00000142945	KIF2C	Gene Expression
ENSG00000132780	NASP	Gene Expression
ENSG00000162367	TAL1	Gene Expression
ENSG00000157131	C8A	Gene Expression
ENSG00000021852	C8B	Gene Expression
ENSG00000177606	JUN	Gene Expression
ENSG00000162607	USP1	Gene Expression
ENSG00000162434	JAK1	Gene Expression
ENSG00000162594	IL23R	Gene Expression
ENSG00000081985	IL12RB2	Gene Expression
ENSG00000057468	MSH4	Gene Expression
ENSG00000142867	BCL10	Gene Expression
ENSG00000097046	CDC7	Gene Expression
ENSG00000162692	VCAM1	Gene Expression
ENSG00000170989	S1PR1	Gene Expression
ENSG00000134222	PSRC1	Gene Expression
ENSG00000184371	CSF1	Gene Expression
ENSG00000143119	CD53	Gene Expression
ENSG00000064886	CHI3L2	Gene Expression
ENSG00000198765	SYCP1	Gene Expression
ENSG00000116815	CD58	Gene Expression
ENSG00000116824	CD2	Gene Expression
ENSG00000134258	VTCN1	Gene Expression
ENSG00000117281	CD160	Gene Expression
ENSG00000265972	TXNIP	Gene Expression
ENSG00000150337	FCGR1A	Gene Expression
ENSG00000143401	ANP32E	Gene Expression
ENSG00000163131	CTSS	Gene Expression
ENSG00000143365	RORC	Gene Expression
ENSG00000197747	S100A10	Gene Expression
ENSG00000163220	S100A9	Gene Expression
ENSG00000163221	S100A12	Gene Expression
ENSG00000143546	S100A8	Gene Expression
ENSG00000143556	S100A7	Gene Expression
ENSG00000160712	IL6R	Gene Expression
ENSG00000173207	CKS1B	Gene Expression
ENSG00000185499	MUC1	Gene Expression
ENSG00000132704	FCRL2	Gene Expression
ENSG00000158473	CD1D	Gene Expression
ENSG00000158477	CD1A	Gene Expression
ENSG00000158481	CD1C	Gene Expression
ENSG00000158485	CD1B	Gene Expression
ENSG00000158488	CD1E	Gene Expression
ENSG00000163565	IFI16	Gene Expression
ENSG00000163568	AIM2	Gene Expression
ENSG00000179639	FCER1A	Gene Expression
ENSG00000132693	CRP	Gene Expression
ENSG00000162739	SLAMF6	Gene Expression
ENSG00000066294	CD84	Gene Expression
ENSG00000117090	SLAMF1	Gene Expression
ENSG00000117091	CD48	Gene Expression
ENSG00000026751	SLAMF7	Gene Expression
ENSG00000122224	LY9	Gene Expression
ENSG00000122223	CD244	Gene Expression
ENSG00000158869	FCER1G	Gene Expression
ENSG00000143226	FCGR2A	Gene Expression
ENSG00000203747	FCGR3A	Gene Expression
ENSG00000162747	FCGR3B	Gene Expression
ENSG00000072694	FCGR2B	Gene Expression
ENSG00000198574	SH2D1B	Gene Expression
ENSG00000143228	NUF2	Gene Expression
ENSG00000198821	CD247	Gene Expression
ENSG00000143185	XCL2	Gene Expression
ENSG00000143184	XCL1	Gene Expression
ENSG00000198734	F5	Gene Expression
ENSG00000174175	SELP	Gene Expression
ENSG00000188404	SELL	Gene Expression
ENSG00000007908	SELE	Gene Expression
ENSG00000117560	FASLG	Gene Expression
ENSG00000120337	TNFSF18	Gene Expression
ENSG00000117586	TNFSF4	Gene Expression
ENSG00000153029	MR1	Gene Expression
ENSG00000162783	IER5	Gene Expression
ENSG00000073756	PTGS2	Gene Expression
ENSG00000090104	RGS1	Gene Expression
ENSG00000081237	PTPRC	Gene Expression
ENSG00000077152	UBE2T	Gene Expression
ENSG00000133048	CHI3L1	Gene Expression
ENSG00000133063	CHIT1	Gene Expression
ENSG00000263528	IKBKE	Gene Expression
ENSG00000162889	MAPKAPK2	Gene Expression
ENSG00000136634	IL10	Gene Expression
ENSG00000142224	IL19	Gene Expression
ENSG00000162892	IL24	Gene Expression
ENSG00000123838	C4BPA	Gene Expression
ENSG00000196352	CD55	Gene Expression
ENSG00000117322	CR2	Gene Expression
ENSG00000203710	CR1	Gene Expression
ENSG00000117335	CD46	Gene Expression
ENSG00000174059	CD34	Gene Expression
ENSG00000117594	HSD11B1	Gene Expression
ENSG00000117650	NEK2	Gene Expression
ENSG00000143476	DTL	Gene Expression
ENSG00000117724	CENPF	Gene Expression
ENSG00000092969	TGFB2	Gene Expression
ENSG00000187554	TLR5	Gene Expression
ENSG00000143815	LBR	Gene Expression
ENSG00000143801	PSEN2	Gene Expression
ENSG00000174371	EXO1	Gene Expression
ENSG00000117020	AKT3	Gene Expression
ENSG00000162711	NLRP3	Gene Expression
ENSG00000171848	RRM2	Gene Expression
ENSG00000143870	PDIA6	Gene Expression
ENSG00000071575	TRIB2	Gene Expression
ENSG00000134323	MYCN	Gene Expression
ENSG00000115884	SDC1	Gene Expression
ENSG00000115163	CENPA	Gene Expression
ENSG00000115828	QPCT	Gene Expression
ENSG00000171132	PRKCE	Gene Expression
ENSG00000119888	EPCAM	Gene Expression
ENSG00000095002	MSH2	Gene Expression
ENSG00000116062	MSH6	Gene Expression
ENSG00000162924	REL	Gene Expression
ENSG00000116031	CD207	Gene Expression
ENSG00000115523	GNLY	Gene Expression
ENSG00000153563	CD8A	Gene Expression
ENSG00000172116	CD8B	Gene Expression
ENSG00000211592	IGKC	Gene Expression
ENSG00000158050	DUSP2	Gene Expression
ENSG00000115085	ZAP70	Gene Expression
ENSG00000115526	CHST10	Gene Expression
ENSG00000163162	RNF149	Gene Expression
ENSG00000115590	IL1R2	Gene Expression
ENSG00000115594	IL1R1	Gene Expression
ENSG00000115598	IL1RL2	Gene Expression
ENSG00000115602	IL1RL1	Gene Expression
ENSG00000115604	IL18R1	Gene Expression
ENSG00000115607	IL18RAP	Gene Expression
ENSG00000169679	BUB1	Gene Expression
ENSG00000153208	MERTK	Gene Expression
ENSG00000169607	CKAP2L	Gene Expression
ENSG00000115008	IL1A	Gene Expression
ENSG00000125538	IL1B	Gene Expression
ENSG00000136689	IL1RN	Gene Expression
ENSG00000019169	MARCO	Gene Expression
ENSG00000076003	MCM6	Gene Expression
ENSG00000121966	CXCR4	Gene Expression
ENSG00000136560	TANK	Gene Expression
ENSG00000197635	DPP4	Gene Expression
ENSG00000115267	IFIH1	Gene Expression
ENSG00000073734	ABCB11	Gene Expression
ENSG00000091409	ITGA6	Gene Expression
ENSG00000144354	CDCA7	Gene Expression
ENSG00000115966	ATF2	Gene Expression
ENSG00000115232	ITGA4	Gene Expression
ENSG00000168542	COL3A1	Gene Expression
ENSG00000115415	STAT1	Gene Expression
ENSG00000138378	STAT4	Gene Expression
ENSG00000144339	TMEFF2	Gene Expression
ENSG00000003400	CASP10	Gene Expression
ENSG00000064012	CASP8	Gene Expression
ENSG00000178562	CD28	Gene Expression
ENSG00000163599	CTLA4	Gene Expression
ENSG00000163600	ICOS	Gene Expression
ENSG00000118260	CREB1	Gene Expression
ENSG00000030419	IKZF2	Gene Expression
ENSG00000115414	FN1	Gene Expression
ENSG00000180871	CXCR2	Gene Expression
ENSG00000163464	CXCR1	Gene Expression
ENSG00000018280	SLC11A1	Gene Expression
ENSG00000115009	CCL20	Gene Expression
ENSG00000168918	INPP5D	Gene Expression
ENSG00000085978	ATG16L1	Gene Expression
ENSG00000123485	HJURP	Gene Expression
ENSG00000188042	ARL4C	Gene Expression
ENSG00000115687	PASK	Gene Expression
ENSG00000188389	PDCD1	Gene Expression
ENSG00000091181	IL5RA	Gene Expression
ENSG00000134070	IRAK2	Gene Expression
ENSG00000197548	ATG7	Gene Expression
ENSG00000132170	PPARG	Gene Expression
ENSG00000163508	EOMES	Gene Expression
ENSG00000183813	CCR4	Gene Expression
ENSG00000172936	MYD88	Gene Expression
ENSG00000168329	CX3CR1	Gene Expression
ENSG00000179934	CCR8	Gene Expression
ENSG00000173585	CCR9	Gene Expression
ENSG00000172215	CXCR6	Gene Expression
ENSG00000173578	XCR1	Gene Expression
ENSG00000183625	CCR3	Gene Expression
ENSG00000163823	CCR1	Gene Expression
ENSG00000121807	CCR2	Gene Expression
ENSG00000160791	CCR5	Gene Expression
ENSG00000121797	CCRL2	Gene Expression
ENSG00000012223	LTF	Gene Expression
ENSG00000164047	CAMP	Gene Expression
ENSG00000164078	MST1R	Gene Expression
ENSG00000114353	GNAI2	Gene Expression
ENSG00000239732	TLR9	Gene Expression
ENSG00000163932	PRKCD	Gene Expression
ENSG00000056736	IL17RB	Gene Expression
ENSG00000187098	MITF	Gene Expression
ENSG00000114861	FOXP1	Gene Expression
ENSG00000170017	ALCAM	Gene Expression
ENSG00000114423	CBLB	Gene Expression
ENSG00000196776	CD47	Gene Expression
ENSG00000163519	TRAT1	Gene Expression
ENSG00000153283	CD96	Gene Expression
ENSG00000177494	ZBED2	Gene Expression
ENSG00000091972	CD200	Gene Expression
ENSG00000186265	BTLA	Gene Expression
ENSG00000181847	TIGIT	Gene Expression
ENSG00000121594	CD80	Gene Expression
ENSG00000114013	CD86	Gene Expression
ENSG00000065371	ROPN1	Gene Expression
ENSG00000073111	MCM2	Gene Expression
ENSG00000158092	NCK1	Gene Expression
ENSG00000163751	CPA3	Gene Expression
ENSG00000196549	MME	Gene Expression
ENSG00000168811	IL12A	Gene Expression
ENSG00000113810	SMC4	Gene Expression
ENSG00000121858	TNFSF10	Gene Expression
ENSG00000114346	ECT2	Gene Expression
ENSG00000078081	LAMP3	Gene Expression
ENSG00000073849	ST6GAL1	Gene Expression
ENSG00000127241	MASP1	Gene Expression
ENSG00000113916	BCL6	Gene Expression
ENSG00000196083	IL1RAP	Gene Expression
ENSG00000072274	TFRC	Gene Expression
ENSG00000163950	SLBP	Gene Expression
ENSG00000013810	TACC3	Gene Expression
ENSG00000109743	BST1	Gene Expression
ENSG00000004468	CD38	Gene Expression
ENSG00000002549	LAP3	Gene Expression
ENSG00000250254	PTTG2	Gene Expression
ENSG00000174123	TLR10	Gene Expression
ENSG00000174125	TLR1	Gene Expression
ENSG00000174130	TLR6	Gene Expression
ENSG00000074966	TXK	Gene Expression
ENSG00000075539	FRYL	Gene Expression
ENSG00000157404	KIT	Gene Expression
ENSG00000132465	JCHAIN	Gene Expression
ENSG00000169429	CXCL8	Gene Expression
ENSG00000124875	CXCL6	Gene Expression
ENSG00000163739	CXCL1	Gene Expression
ENSG00000163736	PPBP	Gene Expression
ENSG00000163735	CXCL5	Gene Expression
ENSG00000163734	CXCL3	Gene Expression
ENSG00000081041	CXCL2	Gene Expression
ENSG00000138755	CXCL9	Gene Expression
ENSG00000169245	CXCL10	Gene Expression
ENSG00000169248	CXCL11	Gene Expression
ENSG00000156234	CXCL13	Gene Expression
ENSG00000118785	SPP1	Gene Expression
ENSG00000118777	ABCG2	Gene Expression
ENSG00000145335	SNCA	Gene Expression
ENSG00000109320	NFKB1	Gene Expression
ENSG00000138778	CENPE	Gene Expression
ENSG00000138795	LEF1	Gene Expression
ENSG00000205403	CFI	Gene Expression
ENSG00000164111	ANXA5	Gene Expression
ENSG00000109471	IL2	Gene Expression
ENSG00000138684	IL21	Gene Expression
ENSG00000164136	IL15	Gene Expression
ENSG00000198589	LRBA	Gene Expression
ENSG00000137462	TLR2	Gene Expression
ENSG00000145431	PDGFC	Gene Expression
ENSG00000164104	HMGB2	Gene Expression
ENSG00000150630	VEGFC	Gene Expression
ENSG00000109674	NEIL3	Gene Expression
ENSG00000168310	IRF2	Gene Expression
ENSG00000164305	CASP3	Gene Expression
ENSG00000151725	CENPU	Gene Expression
ENSG00000164342	TLR3	Gene Expression
ENSG00000168685	IL7R	Gene Expression
ENSG00000082074	FYB1	Gene Expression
ENSG00000113600	C9	Gene Expression
ENSG00000112936	C7	Gene Expression
ENSG00000039537	C6	Gene Expression
ENSG00000112964	GHR	Gene Expression
ENSG00000151882	CCL28	Gene Expression
ENSG00000213949	ITGA1	Gene Expression
ENSG00000164171	ITGA2	Gene Expression
ENSG00000113088	GZMK	Gene Expression
ENSG00000145649	GZMA	Gene Expression
ENSG00000134352	IL6ST	Gene Expression
ENSG00000095015	MAP3K1	Gene Expression
ENSG00000134061	CD180	Gene Expression
ENSG00000134057	CCNB1	Gene Expression
ENSG00000164251	F2RL1	Gene Expression
ENSG00000113318	MSH3	Gene Expression
ENSG00000152348	ATG10	Gene Expression
ENSG00000081189	MEF2C	Gene Expression
ENSG00000164307	ERAP1	Gene Expression
ENSG00000243414	TICAM2	Gene Expression
ENSG00000145782	ATG12	Gene Expression
ENSG00000164399	IL3	Gene Expression
ENSG00000164400	CSF2	Gene Expression
ENSG00000125347	IRF1	Gene Expression
ENSG00000113525	IL5	Gene Expression
ENSG00000169194	IL13	Gene Expression
ENSG00000113520	IL4	Gene Expression
ENSG00000081059	TCF7	Gene Expression
ENSG00000145824	CXCL14	Gene Expression
ENSG00000145839	IL9	Gene Expression
ENSG00000120708	TGFBI	Gene Expression
ENSG00000158402	CDC25C	Gene Expression
ENSG00000120738	EGR1	Gene Expression
ENSG00000170476	MZB1	Gene Expression
ENSG00000170458	CD14	Gene Expression
ENSG00000133710	SPINK5	Gene Expression
ENSG00000127743	IL17B	Gene Expression
ENSG00000182578	CSF1R	Gene Expression
ENSG00000113721	PDGFRB	Gene Expression
ENSG00000019582	CD74	Gene Expression
ENSG00000237693	IRGM	Gene Expression
ENSG00000135077	HAVCR2	Gene Expression
ENSG00000113263	ITK	Gene Expression
ENSG00000055163	CYFIP2	Gene Expression
ENSG00000164330	EBF1	Gene Expression
ENSG00000113302	IL12B	Gene Expression
ENSG00000072571	HMMR	Gene Expression
ENSG00000120129	DUSP1	Gene Expression
ENSG00000131187	F12	Gene Expression
ENSG00000137265	IRF4	Gene Expression
ENSG00000124491	F13A1	Gene Expression
ENSG00000112799	LY86	Gene Expression
ENSG00000112149	CD83	Gene Expression
ENSG00000112312	GMNN	Gene Expression
ENSG00000111913	RIPOR2	Gene Expression
ENSG00000186470	BTN3A2	Gene Expression
ENSG00000026950	BTN3A1	Gene Expression
ENSG00000204642	HLA-F	Gene Expression
ENSG00000204632	HLA-G	Gene Expression
ENSG00000206503	HLA-A	Gene Expression
ENSG00000204592	HLA-E	Gene Expression
ENSG00000137331	IER3	Gene Expression
ENSG00000204525	HLA-C	Gene Expression
ENSG00000234745	HLA-B	Gene Expression
ENSG00000204520	MICA	Gene Expression
ENSG00000204516	MICB	Gene Expression
ENSG00000226979	LTA	Gene Expression
ENSG00000232810	TNF	Gene Expression
ENSG00000227507	LTB	Gene Expression
ENSG00000204475	NCR3	Gene Expression
ENSG00000204410	MSH5	Gene Expression
ENSG00000166278	C2	Gene Expression
ENSG00000243649	CFB	Gene Expression
ENSG00000224389	C4B	Gene Expression
ENSG00000213676	ATF6B	Gene Expression
ENSG00000204287	HLA-DRA	Gene Expression
ENSG00000198502	HLA-DRB5	Gene Expression
ENSG00000196126	HLA-DRB1	Gene Expression
ENSG00000196735	HLA-DQA1	Gene Expression
ENSG00000179344	HLA-DQB1	Gene Expression
ENSG00000237541	HLA-DQA2	Gene Expression
ENSG00000232629	HLA-DQB2	Gene Expression
ENSG00000241106	HLA-DOB	Gene Expression
ENSG00000204267	TAP2	Gene Expression
ENSG00000204264	PSMB8	Gene Expression
ENSG00000240065	PSMB9	Gene Expression
ENSG00000168394	TAP1	Gene Expression
ENSG00000242574	HLA-DMB	Gene Expression
ENSG00000204257	HLA-DMA	Gene Expression
ENSG00000231389	HLA-DPA1	Gene Expression
ENSG00000223865	HLA-DPB1	Gene Expression
ENSG00000231925	TAPBP	Gene Expression
ENSG00000112062	MAPK14	Gene Expression
ENSG00000124762	CDKN1A	Gene Expression
ENSG00000095970	TREM2	Gene Expression
ENSG00000124731	TREM1	Gene Expression
ENSG00000112561	TFEB	Gene Expression
ENSG00000112576	CCND3	Gene Expression
ENSG00000112715	VEGFA	Gene Expression
ENSG00000112115	IL17A	Gene Expression
ENSG00000112116	IL17F	Gene Expression
ENSG00000080007	DDX43	Gene Expression
ENSG00000112742	TTK	Gene Expression
ENSG00000135318	NT5E	Gene Expression
ENSG00000118412	CASP8AP2	Gene Expression
ENSG00000112182	BACH2	Gene Expression
ENSG00000135341	MAP3K7	Gene Expression
ENSG00000057657	PRDM1	Gene Expression
ENSG00000057663	ATG5	Gene Expression
ENSG00000272398	CD24	Gene Expression
ENSG00000118689	FOXO3	Gene Expression
ENSG00000135535	CD164	Gene Expression
ENSG00000010810	FYN	Gene Expression
ENSG00000111875	ASF1A	Gene Expression
ENSG00000118520	ARG1	Gene Expression
ENSG00000112303	VNN2	Gene Expression
ENSG00000197442	MAP3K5	Gene Expression
ENSG00000164485	IL22RA2	Gene Expression
ENSG00000027697	IFNGR1	Gene Expression
ENSG00000118503	TNFAIP3	Gene Expression
ENSG00000135597	REPS1	Gene Expression
ENSG00000131015	ULBP2	Gene Expression
ENSG00000197081	IGF2R	Gene Expression
ENSG00000112486	CCR6	Gene Expression
ENSG00000130024	PHF10	Gene Expression
ENSG00000198286	CARD11	Gene Expression
ENSG00000136244	IL6	Gene Expression
ENSG00000146592	CREB5	Gene Expression
ENSG00000106100	NOD1	Gene Expression
ENSG00000011426	ANLN	Gene Expression
ENSG00000211689	TRGC1	Gene Expression
ENSG00000185811	IKZF1	Gene Expression
ENSG00000086730	LAT2	Gene Expression
ENSG00000049541	RFC2	Gene Expression
ENSG00000006606	CCL26	Gene Expression
ENSG00000106178	CCL24	Gene Expression
ENSG00000135218	CD36	Gene Expression
ENSG00000085563	ABCB1	Gene Expression
ENSG00000105810	CDK6	Gene Expression
ENSG00000106366	SERPINE1	Gene Expression
ENSG00000160999	SH2B2	Gene Expression
ENSG00000105835	NAMPT	Gene Expression
ENSG00000105851	PIK3CG	Gene Expression
ENSG00000173114	LRRN3	Gene Expression
ENSG00000128604	IRF5	Gene Expression
ENSG00000258227	CLEC5A	Gene Expression
ENSG00000211772	TRBC2	Gene Expression
ENSG00000106462	EZH2	Gene Expression
ENSG00000155660	PDIA4	Gene Expression
ENSG00000179144	GIMAP7	Gene Expression
ENSG00000106560	GIMAP2	Gene Expression
ENSG00000196329	GIMAP5	Gene Expression
ENSG00000130675	MNX1	Gene Expression
ENSG00000164825	DEFB1	Gene Expression
ENSG00000164821	DEFA4	Gene Expression
ENSG00000239839	DEFA3	Gene Expression
ENSG00000136573	BLK	Gene Expression
ENSG00000038945	MSR1	Gene Expression
ENSG00000179388	EGR3	Gene Expression
ENSG00000120889	TNFRSF10B	Gene Expression
ENSG00000173535	TNFRSF10C	Gene Expression
ENSG00000147454	SLC25A37	Gene Expression
ENSG00000277586	NEFL	Gene Expression
ENSG00000184661	CDCA2	Gene Expression
ENSG00000120885	CLU	Gene Expression
ENSG00000168078	PBK	Gene Expression
ENSG00000168081	PNOC	Gene Expression
ENSG00000120875	DUSP4	Gene Expression
ENSG00000131203	IDO1	Gene Expression
ENSG00000104365	IKBKB	Gene Expression
ENSG00000104738	MCM4	Gene Expression
ENSG00000254087	LYN	Gene Expression
ENSG00000198846	TOX	Gene Expression
ENSG00000154589	LY96	Gene Expression
ENSG00000104432	IL7	Gene Expression
ENSG00000104312	RIPK2	Gene Expression
ENSG00000175305	CCNE2	Gene Expression
ENSG00000164761	TNFRSF11B	Gene Expression
ENSG00000136982	DSCC1	Gene Expression
ENSG00000156802	ATAD2	Gene Expression
ENSG00000136997	MYC	Gene Expression
ENSG00000160948	VPS28	Gene Expression
ENSG00000107099	DOCK8	Gene Expression
ENSG00000096968	JAK2	Gene Expression
ENSG00000120217	CD274	Gene Expression
ENSG00000197646	PDCD1LG2	Gene Expression
ENSG00000137033	IL33	Gene Expression
ENSG00000171855	IFNB1	Gene Expression
ENSG00000214042	IFNA7	Gene Expression
ENSG00000234829	IFNA17	Gene Expression
ENSG00000188379	IFNA2	Gene Expression
ENSG00000120242	IFNA8	Gene Expression
ENSG00000197919	IFNA1	Gene Expression
ENSG00000107201	DDX58	Gene Expression
ENSG00000137070	IL11RA	Gene Expression
ENSG00000213927	CCL27	Gene Expression
ENSG00000172724	CCL19	Gene Expression
ENSG00000137077	CCL21	Gene Expression
ENSG00000137101	CD72	Gene Expression
ENSG00000196092	PAX5	Gene Expression
ENSG00000106714	CNTNAP3	Gene Expression
ENSG00000135046	ANXA1	Gene Expression
ENSG00000135047	CTSL	Gene Expression
ENSG00000123975	CKS2	Gene Expression
ENSG00000165025	SYK	Gene Expression
ENSG00000165030	NFIL3	Gene Expression
ENSG00000157303	SUSD3	Gene Expression
ENSG00000136938	ANP32B	Gene Expression
ENSG00000106927	AMBP	Gene Expression
ENSG00000181634	TNFSF15	Gene Expression
ENSG00000106952	TNFSF8	Gene Expression
ENSG00000136869	TLR4	Gene Expression
ENSG00000106804	C5	Gene Expression
ENSG00000136930	PSMB7	Gene Expression
ENSG00000106991	ENG	Gene Expression
ENSG00000148346	LCN2	Gene Expression
ENSG00000097007	ABL1	Gene Expression
ENSG00000085265	FCN1	Gene Expression
ENSG00000187796	CARD9	Gene Expression
ENSG00000148400	NOTCH1	Gene Expression
ENSG00000127191	TRAF2	Gene Expression
ENSG00000176919	C8G	Gene Expression
ENSG00000180549	FUT7	Gene Expression
ENSG00000188229	TUBB4B	Gene Expression
ENSG00000134470	IL15RA	Gene Expression
ENSG00000134460	IL2RA	Gene Expression
ENSG00000107485	GATA3	Gene Expression
ENSG00000260314	MRC1	Gene Expression
ENSG00000168283	BMI1	Gene Expression
ENSG00000150093	ITGB1	Gene Expression
ENSG00000099250	NRP1	Gene Expression
ENSG00000107562	CXCL12	Gene Expression
ENSG00000107643	MAPK8	Gene Expression
ENSG00000165471	MBL2	Gene Expression
ENSG00000108064	TFAM	Gene Expression
ENSG00000170312	CDK1	Gene Expression
ENSG00000122877	EGR2	Gene Expression
ENSG00000180644	PRF1	Gene Expression
ENSG00000107738	VSIR	Gene Expression
ENSG00000107742	SPOCK2	Gene Expression
ENSG00000122861	PLAU	Gene Expression
ENSG00000026103	FAS	Gene Expression
ENSG00000107798	LIPA	Gene Expression
ENSG00000119922	IFIT2	Gene Expression
ENSG00000185745	IFIT1	Gene Expression
ENSG00000138182	KIF20B	Gene Expression
ENSG00000138160	KIF11	Gene Expression
ENSG00000119969	HELLS	Gene Expression
ENSG00000138185	ENTPD1	Gene Expression
ENSG00000095585	BLNK	Gene Expression
ENSG00000155629	PIK3AP1	Gene Expression
ENSG00000023839	ABCC2	Gene Expression
ENSG00000213341	CHUK	Gene Expression
ENSG00000077150	NFKB2	Gene Expression
ENSG00000187908	DMBT1	Gene Expression
ENSG00000148773	MKI67	Gene Expression
ENSG00000185201	IFITM2	Gene Expression
ENSG00000185885	IFITM1	Gene Expression
ENSG00000142089	IFITM3	Gene Expression
ENSG00000185187	SIGIRR	Gene Expression
ENSG00000174775	HRAS	Gene Expression
ENSG00000185507	IRF7	Gene Expression
ENSG00000078902	TOLLIP	Gene Expression
ENSG00000117984	CTSD	Gene Expression
ENSG00000064201	TSPAN32	Gene Expression
ENSG00000110651	CD81	Gene Expression
ENSG00000167325	RRM1	Gene Expression
ENSG00000173432	SAA1	Gene Expression
ENSG00000134333	LDHA	Gene Expression
ENSG00000129173	E2F8	Gene Expression
ENSG00000184937	WT1	Gene Expression
ENSG00000085063	CD59	Gene Expression
ENSG00000026508	CD44	Gene Expression
ENSG00000175104	TRAF6	Gene Expression
ENSG00000166349	RAG1	Gene Expression
ENSG00000175216	CKAP5	Gene Expression
ENSG00000186652	PRG2	Gene Expression
ENSG00000149131	SERPING1	Gene Expression
ENSG00000149534	MS4A2	Gene Expression
ENSG00000110079	MS4A4A	Gene Expression
ENSG00000156738	MS4A1	Gene Expression
ENSG00000183134	PTGDR2	Gene Expression
ENSG00000013725	CD6	Gene Expression
ENSG00000110448	CD5	Gene Expression
ENSG00000168496	FEN1	Gene Expression
ENSG00000167996	FTH1	Gene Expression
ENSG00000173511	VEGFB	Gene Expression
ENSG00000168067	MAP4K2	Gene Expression
ENSG00000173039	RELA	Gene Expression
ENSG00000172543	CTSW	Gene Expression
ENSG00000175592	FOSL1	Gene Expression
ENSG00000168040	FADD	Gene Expression
ENSG00000175538	KCNE3	Gene Expression
ENSG00000077514	POLD3	Gene Expression
ENSG00000137507	LRRC32	Gene Expression
ENSG00000033327	GAB2	Gene Expression
ENSG00000074266	EED	Gene Expression
ENSG00000196371	FUT4	Gene Expression
ENSG00000023445	BIRC3	Gene Expression
ENSG00000262406	MMP12	Gene Expression
ENSG00000137757	CASP5	Gene Expression
ENSG00000137752	CASP1	Gene Expression
ENSG00000149311	ATM	Gene Expression
ENSG00000110777	POU2AF1	Gene Expression
ENSG00000150782	IL18	Gene Expression
ENSG00000149294	NCAM1	Gene Expression
ENSG00000109906	ZBTB16	Gene Expression
ENSG00000110324	IL10RA	Gene Expression
ENSG00000160593	JAML	Gene Expression
ENSG00000198851	CD3E	Gene Expression
ENSG00000167286	CD3D	Gene Expression
ENSG00000160654	CD3G	Gene Expression
ENSG00000160683	CXCR5	Gene Expression
ENSG00000076706	MCAM	Gene Expression
ENSG00000154096	THY1	Gene Expression
ENSG00000064199	SPA17	Gene Expression
ENSG00000149557	FEZ1	Gene Expression
ENSG00000150455	TIRAP	Gene Expression
ENSG00000134954	ETS1	Gene Expression
ENSG00000166086	JAM3	Gene Expression
ENSG00000109956	B3GAT1	Gene Expression
ENSG00000171840	NINJ2	Gene Expression
ENSG00000118971	CCND2	Gene Expression
ENSG00000111247	RAD51AP1	Gene Expression
ENSG00000010278	CD9	Gene Expression
ENSG00000067182	TNFRSF1A	Gene Expression
ENSG00000111321	LTBR	Gene Expression
ENSG00000139193	CD27	Gene Expression
ENSG00000010292	NCAPD2	Gene Expression
ENSG00000089692	LAG3	Gene Expression
ENSG00000010610	CD4	Gene Expression
ENSG00000111665	CDCA3	Gene Expression
ENSG00000182326	C1S	Gene Expression
ENSG00000159403	C1R	Gene Expression
ENSG00000177575	CD163	Gene Expression
ENSG00000198178	CLEC4C	Gene Expression
ENSG00000171860	C3AR1	Gene Expression
ENSG00000111729	CLEC4A	Gene Expression
ENSG00000205846	CLEC6A	Gene Expression
ENSG00000166527	CLEC4D	Gene Expression
ENSG00000166523	CLEC4E	Gene Expression
ENSG00000111732	AICDA	Gene Expression
ENSG00000139187	KLRG1	Gene Expression
ENSG00000175899	A2M	Gene Expression
ENSG00000111796	KLRB1	Gene Expression
ENSG00000069493	CLEC2D	Gene Expression
ENSG00000110848	CD69	Gene Expression
ENSG00000150045	KLRF1	Gene Expression
ENSG00000172243	CLEC7A	Gene Expression
ENSG00000134539	KLRD1	Gene Expression
ENSG00000213809	KLRK1	Gene Expression
ENSG00000183542	KLRC4	Gene Expression
ENSG00000205810	KLRC3	Gene Expression
ENSG00000205809	KLRC2	Gene Expression
ENSG00000134545	KLRC1	Gene Expression
ENSG00000060138	YBX3	Gene Expression
ENSG00000008394	MGST1	Gene Expression
ENSG00000198001	IRAK4	Gene Expression
ENSG00000123268	ATF1	Gene Expression
ENSG00000110934	BIN2	Gene Expression
ENSG00000123358	NR4A1	Gene Expression
ENSG00000094916	CBX5	Gene Expression
ENSG00000161638	ITGA5	Gene Expression
ENSG00000135404	CD63	Gene Expression
ENSG00000110944	IL23A	Gene Expression
ENSG00000170581	STAT2	Gene Expression
ENSG00000198056	PRIM1	Gene Expression
ENSG00000166888	STAT6	Gene Expression
ENSG00000123384	LRP1	Gene Expression
ENSG00000135446	CDK4	Gene Expression
ENSG00000183735	TBK1	Gene Expression
ENSG00000111537	IFNG	Gene Expression
ENSG00000111536	IL26	Gene Expression
ENSG00000127318	IL22	Gene Expression
ENSG00000111581	NUP107	Gene Expression
ENSG00000111596	CNOT2	Gene Expression
ENSG00000139318	DUSP6	Gene Expression
ENSG00000133639	BTG1	Gene Expression
ENSG00000120802	TMPO	Gene Expression
ENSG00000075415	SLC25A3	Gene Expression
ENSG00000139354	GAS2L3	Gene Expression
ENSG00000183395	PMCH	Gene Expression
ENSG00000174600	CMKLR1	Gene Expression
ENSG00000198855	FICD	Gene Expression
ENSG00000110876	SELPLG	Gene Expression
ENSG00000076248	UNG	Gene Expression
ENSG00000089127	OAS1	Gene Expression
ENSG00000111331	OAS3	Gene Expression
ENSG00000170890	PLA2G1B	Gene Expression
ENSG00000204671	IL31	Gene Expression
ENSG00000122025	FLT3	Gene Expression
ENSG00000189403	HMGB1	Gene Expression
ENSG00000150907	FOXO1	Gene Expression
ENSG00000120659	TNFSF11	Gene Expression
ENSG00000136167	LCP1	Gene Expression
ENSG00000136108	CKAP2	Gene Expression
ENSG00000136122	BORA	Gene Expression
ENSG00000136160	EDNRB	Gene Expression
ENSG00000088387	DOCK9	Gene Expression
ENSG00000102524	TNFSF13B	Gene Expression
ENSG00000185896	LAMP1	Gene Expression
ENSG00000169413	RNASE6	Gene Expression
ENSG00000169385	RNASE2	Gene Expression
ENSG00000211829	TRDC	Gene Expression
ENSG00000277734	TRAC	Gene Expression
ENSG00000155465	SLC7A7	Gene Expression
ENSG00000166090	IL25	Gene Expression
ENSG00000100968	NFATC4	Gene Expression
ENSG00000092009	CMA1	Gene Expression
ENSG00000100448	CTSG	Gene Expression
ENSG00000100450	GZMH	Gene Expression
ENSG00000100453	GZMB	Gene Expression
ENSG00000092140	G2E3	Gene Expression
ENSG00000100906	NFKBIA	Gene Expression
ENSG00000198554	WDHD1	Gene Expression
ENSG00000131981	LGALS3	Gene Expression
ENSG00000126787	DLGAP5	Gene Expression
ENSG00000081181	ARG2	Gene Expression
ENSG00000080815	PSEN1	Gene Expression
ENSG00000176903	PNMA1	Gene Expression
ENSG00000156127	BATF	Gene Expression
ENSG00000119699	TGFB3	Gene Expression
ENSG00000012963	UBR7	Gene Expression
ENSG00000165949	IFI27	Gene Expression
ENSG00000197249	SERPINA1	Gene Expression
ENSG00000213231	TCL1B	Gene Expression
ENSG00000100721	TCL1A	Gene Expression
ENSG00000127152	BCL11B	Gene Expression
ENSG00000131323	TRAF3	Gene Expression
ENSG00000211891	IGHE	Gene Expression
ENSG00000211892	IGHG4	Gene Expression
ENSG00000211893	IGHG2	Gene Expression
ENSG00000211895	IGHA1	Gene Expression
ENSG00000211896	IGHG1	Gene Expression
ENSG00000211897	IGHG3	Gene Expression
ENSG00000211898	IGHD	Gene Expression
ENSG00000211899	IGHM	Gene Expression
ENSG00000226777	FAM30A	Gene Expression
ENSG00000114062	UBE3A	Gene Expression
ENSG00000137801	THBS1	Gene Expression
ENSG00000051180	RAD51	Gene Expression
ENSG00000137804	NUSAP1	Gene Expression
ENSG00000062524	LTK	Gene Expression
ENSG00000092470	WDR76	Gene Expression
ENSG00000166710	B2M	Gene Expression
ENSG00000140287	HDC	Gene Expression
ENSG00000103569	AQP9	Gene Expression
ENSG00000157456	CCNB2	Gene Expression
ENSG00000069667	RORA	Gene Expression
ENSG00000166803	PCLAF	Gene Expression
ENSG00000075131	TIPIN	Gene Expression
ENSG00000169032	MAP2K1	Gene Expression
ENSG00000166949	SMAD3	Gene Expression
ENSG00000137807	KIF23	Gene Expression
ENSG00000103855	CD276	Gene Expression
ENSG00000138623	SEMA7A	Gene Expression
ENSG00000167196	FBXO22	Gene Expression
ENSG00000103811	CTSH	Gene Expression
ENSG00000140379	BCL2A1	Gene Expression
ENSG00000172349	IL16	Gene Expression
ENSG00000172183	ISG20	Gene Expression
ENSG00000140545	MFGE8	Gene Expression
ENSG00000197299	BLM	Gene Expression
ENSG00000140443	IGF1R	Gene Expression
ENSG00000172236	TPSAB1	Gene Expression
ENSG00000006327	TNFRSF12A	Gene Expression
ENSG00000008517	IL32	Gene Expression
ENSG00000122386	ZNF205	Gene Expression
ENSG00000103313	MEFV	Gene Expression
ENSG00000005339	CREBBP	Gene Expression
ENSG00000185338	SOCS1	Gene Expression
ENSG00000175646	PRM1	Gene Expression
ENSG00000048462	TNFRSF17	Gene Expression
ENSG00000103528	SYT17	Gene Expression
ENSG00000077238	IL4R	Gene Expression
ENSG00000103522	IL21R	Gene Expression
ENSG00000077235	GTF3C1	Gene Expression
ENSG00000197272	IL27	Gene Expression
ENSG00000177455	CD19	Gene Expression
ENSG00000213658	LAT	Gene Expression
ENSG00000197471	SPN	Gene Expression
ENSG00000102882	MAPK3	Gene Expression
ENSG00000005844	ITGAL	Gene Expression
ENSG00000103490	PYCARD	Gene Expression
ENSG00000169896	ITGAM	Gene Expression
ENSG00000140678	ITGAX	Gene Expression
ENSG00000167207	NOD2	Gene Expression
ENSG00000083799	CYLD	Gene Expression
ENSG00000198848	CES1	Gene Expression
ENSG00000140853	NLRC5	Gene Expression
ENSG00000102962	CCL22	Gene Expression
ENSG00000006210	CX3CL1	Gene Expression
ENSG00000102970	CCL17	Gene Expression
ENSG00000182885	ADGRG3	Gene Expression
ENSG00000179776	CDH5	Gene Expression
ENSG00000217555	CKLF	Gene Expression
ENSG00000140932	CMTM2	Gene Expression
ENSG00000166592	RRAD	Gene Expression
ENSG00000102974	CTCF	Gene Expression
ENSG00000205220	PSMB10	Gene Expression
ENSG00000072736	NFATC3	Gene Expression
ENSG00000103056	SMPD3	Gene Expression
ENSG00000039068	CDH1	Gene Expression
ENSG00000157368	IL34	Gene Expression
ENSG00000103035	PSMD7	Gene Expression
ENSG00000090863	GLG1	Gene Expression
ENSG00000178573	MAF	Gene Expression
ENSG00000131153	GINS2	Gene Expression
ENSG00000140968	IRF8	Gene Expression
ENSG00000083457	ITGAE	Gene Expression
ENSG00000161921	CXCL16	Gene Expression
ENSG00000182853	VMO1	Gene Expression
ENSG00000108561	C1QBP	Gene Expression
ENSG00000129195	PIMREG	Gene Expression
ENSG00000132514	CLEC10A	Gene Expression
ENSG00000239697	TNFSF12	Gene Expression
ENSG00000161955	TNFSF13	Gene Expression
ENSG00000129226	CD68	Gene Expression
ENSG00000141510	TP53	Gene Expression
ENSG00000178999	AURKB	Gene Expression
ENSG00000065559	MAP2K4	Gene Expression
ENSG00000240505	TNFRSF13B	Gene Expression
ENSG00000168961	LGALS9	Gene Expression
ENSG00000007171	NOS2	Gene Expression
ENSG00000109084	TMEM97	Gene Expression
ENSG00000132591	ERAL1	Gene Expression
ENSG00000221995	TIAF1	Gene Expression
ENSG00000141316	SPACA3	Gene Expression
ENSG00000108691	CCL2	Gene Expression
ENSG00000108688	CCL7	Gene Expression
ENSG00000172156	CCL11	Gene Expression
ENSG00000108700	CCL8	Gene Expression
ENSG00000181374	CCL13	Gene Expression
ENSG00000108702	CCL1	Gene Expression
ENSG00000271503	CCL5	Gene Expression
ENSG00000275152	CCL16	Gene Expression
ENSG00000276409	CCL14	Gene Expression
ENSG00000275718	CCL15	Gene Expression
ENSG00000274736	CCL23	Gene Expression
ENSG00000275385	CCL18	Gene Expression
ENSG00000277632	CCL3	Gene Expression
ENSG00000275302	CCL4	Gene Expression
ENSG00000276085	CCL3L1	Gene Expression
ENSG00000108342	CSF3	Gene Expression
ENSG00000094804	CDC6	Gene Expression
ENSG00000131747	TOP2A	Gene Expression
ENSG00000126353	CCR7	Gene Expression
ENSG00000173757	STAT5B	Gene Expression
ENSG00000126561	STAT5A	Gene Expression
ENSG00000168610	STAT3	Gene Expression
ENSG00000184451	CCR10	Gene Expression
ENSG00000131471	AOC3	Gene Expression
ENSG00000068079	IFI35	Gene Expression
ENSG00000005961	ITGA2B	Gene Expression
ENSG00000259207	ITGB3	Gene Expression
ENSG00000073861	TBX21	Gene Expression
ENSG00000141293	SKAP1	Gene Expression
ENSG00000005884	ITGA3	Gene Expression
ENSG00000121053	EPX	Gene Expression
ENSG00000136492	BRIP1	Gene Expression
ENSG00000007312	CD79B	Gene Expression
ENSG00000108622	ICAM2	Gene Expression
ENSG00000261371	PECAM1	Gene Expression
ENSG00000167851	CD300A	Gene Expression
ENSG00000189159	JPT1	Gene Expression
ENSG00000132470	ITGB4	Gene Expression
ENSG00000129654	FOXJ1	Gene Expression
ENSG00000167900	TK1	Gene Expression
ENSG00000089685	BIRC5	Gene Expression
ENSG00000183010	PYCR1	Gene Expression
ENSG00000173762	CD7	Gene Expression
ENSG00000158270	COLEC12	Gene Expression
ENSG00000176890	TYMS	Gene Expression
ENSG00000080986	NDC80	Gene Expression
ENSG00000212710	CTAGE1	Gene Expression
ENSG00000175387	SMAD2	Gene Expression
ENSG00000196628	TCF4	Gene Expression
ENSG00000141655	TNFRSF11A	Gene Expression
ENSG00000171791	BCL2	Gene Expression
ENSG00000197632	SERPINB2	Gene Expression
ENSG00000131196	NFATC1	Gene Expression
ENSG00000197540	GZMM	Gene Expression
ENSG00000172232	AZU1	Gene Expression
ENSG00000197561	ELANE	Gene Expression
ENSG00000197766	CFD	Gene Expression
ENSG00000064932	SBNO2	Gene Expression
ENSG00000126934	MAP2K2	Gene Expression
ENSG00000105246	EBI3	Gene Expression
ENSG00000127666	TICAM1	Gene Expression
ENSG00000276043	UHRF1	Gene Expression
ENSG00000130383	FUT5	Gene Expression
ENSG00000125657	TNFSF9	Gene Expression
ENSG00000125726	CD70	Gene Expression
ENSG00000125735	TNFSF14	Gene Expression
ENSG00000125730	C3	Gene Expression
ENSG00000141968	VAV1	Gene Expression
ENSG00000174837	ADGRE1	Gene Expression
ENSG00000104921	FCER2	Gene Expression
ENSG00000090659	CD209	Gene Expression
ENSG00000131142	CCL25	Gene Expression
ENSG00000127445	PIN1	Gene Expression
ENSG00000090339	ICAM1	Gene Expression
ENSG00000105371	ICAM4	Gene Expression
ENSG00000076662	ICAM3	Gene Expression
ENSG00000105397	TYK2	Gene Expression
ENSG00000129351	ILF3	Gene Expression
ENSG00000130159	ECSIT	Gene Expression
ENSG00000171223	JUNB	Gene Expression
ENSG00000123146	ADGRE5	Gene Expression
ENSG00000130303	BST2	Gene Expression
ENSG00000167483	NIBAN3	Gene Expression
ENSG00000105639	JAK3	Gene Expression
ENSG00000096996	IL12RB1	Gene Expression
ENSG00000105220	GPI	Gene Expression
ENSG00000105697	HAMP	Gene Expression
ENSG00000012124	CD22	Gene Expression
ENSG00000183709	IFNL2	Gene Expression
ENSG00000182393	IFNL1	Gene Expression
ENSG00000105205	CLC	Gene Expression
ENSG00000167601	AXL	Gene Expression
ENSG00000105329	TGFB1	Gene Expression
ENSG00000086548	CEACAM6	Gene Expression
ENSG00000105369	CD79A	Gene Expression
ENSG00000028277	POU2F2	Gene Expression
ENSG00000079385	CEACAM1	Gene Expression
ENSG00000124469	CEACAM8	Gene Expression
ENSG00000011422	PLAUR	Gene Expression
ENSG00000073008	PVR	Gene Expression
ENSG00000130203	APOE	Gene Expression
ENSG00000104856	RELB	Gene Expression
ENSG00000117877	CD3EAP	Gene Expression
ENSG00000125740	FOSB	Gene Expression
ENSG00000105438	KDELR1	Gene Expression
ENSG00000087088	BAX	Gene Expression
ENSG00000104894	CD37	Gene Expression
ENSG00000090554	FLT3LG	Gene Expression
ENSG00000126456	IRF3	Gene Expression
ENSG00000269404	SPIB	Gene Expression
ENSG00000105383	CD33	Gene Expression
ENSG00000105374	NKG7	Gene Expression
ENSG00000105501	SIGLEC5	Gene Expression
ENSG00000171051	FPR1	Gene Expression
ENSG00000171049	FPR2	Gene Expression
ENSG00000204577	LILRB3	Gene Expression
ENSG00000131042	LILRB2	Gene Expression
ENSG00000187116	LILRA5	Gene Expression
ENSG00000239961	LILRA4	Gene Expression
ENSG00000167618	LAIR2	Gene Expression
ENSG00000104974	LILRA1	Gene Expression
ENSG00000104972	LILRB1	Gene Expression
ENSG00000186818	LILRB4	Gene Expression
ENSG00000242019	KIR3DL3	Gene Expression
ENSG00000243772	KIR2DL3	Gene Expression
ENSG00000125498	KIR2DL1	Gene Expression
ENSG00000167633	KIR3DL1	Gene Expression
ENSG00000240403	KIR3DL2	Gene Expression
ENSG00000186431	FCAR	Gene Expression
ENSG00000189430	NCR1	Gene Expression
ENSG00000095752	IL11	Gene Expression
ENSG00000101307	SIRPB1	Gene Expression
ENSG00000089012	SIRPG	Gene Expression
ENSG00000198053	SIRPA	Gene Expression
ENSG00000088827	SIGLEC1	Gene Expression
ENSG00000088888	MAVS	Gene Expression
ENSG00000132646	PCNA	Gene Expression
ENSG00000178726	THBD	Gene Expression
ENSG00000077984	CST7	Gene Expression
ENSG00000171552	BCL2L1	Gene Expression
ENSG00000088325	TPX2	Gene Expression
ENSG00000101336	HCK	Gene Expression
ENSG00000078747	ITCH	Gene Expression
ENSG00000118705	RPN2	Gene Expression
ENSG00000101425	BPI	Gene Expression
ENSG00000129988	LBP	Gene Expression
ENSG00000196839	ADA	Gene Expression
ENSG00000124102	PI3	Gene Expression
ENSG00000124233	SEMG1	Gene Expression
ENSG00000175063	UBE2C	Gene Expression
ENSG00000100985	MMP9	Gene Expression
ENSG00000101017	CD40	Gene Expression
ENSG00000172216	CEBPB	Gene Expression
ENSG00000101096	NFATC2	Gene Expression
ENSG00000087586	AURKA	Gene Expression
ENSG00000054796	SPO11	Gene Expression
ENSG00000124092	CTCFL	Gene Expression
ENSG00000274391	TPTE	Gene Expression
ENSG00000142192	APP	Gene Expression
ENSG00000159110	IFNAR2	Gene Expression
ENSG00000243646	IL10RB	Gene Expression
ENSG00000142166	IFNAR1	Gene Expression
ENSG00000159216	RUNX1	Gene Expression
ENSG00000159259	CHAF1B	Gene Expression
ENSG00000157601	MX1	Gene Expression
ENSG00000160223	ICOSLG	Gene Expression
ENSG00000160224	AIRE	Gene Expression
ENSG00000160255	ITGB2	Gene Expression
ENSG00000160307	S100B	Gene Expression
ENSG00000177663	IL17RA	Gene Expression
ENSG00000015475	BID	Gene Expression
ENSG00000093009	CDC45	Gene Expression
ENSG00000100030	MAPK1	Gene Expression
ENSG00000185686	PRAME	Gene Expression
ENSG00000211679	IGLC3	Gene Expression
ENSG00000128322	IGLL1	Gene Expression
ENSG00000128218	VPREB3	Gene Expression
ENSG00000240972	MIF	Gene Expression
ENSG00000128271	ADORA2A	Gene Expression
ENSG00000100219	XBP1	Gene Expression
ENSG00000182944	EWSR1	Gene Expression
ENSG00000128342	LIF	Gene Expression
ENSG00000099985	OSM	Gene Expression
ENSG00000100100	PIK3IP1	Gene Expression
ENSG00000100297	MCM5	Gene Expression
ENSG00000100365	NCF4	Gene Expression
ENSG00000100368	CSF2RB	Gene Expression
ENSG00000100385	IL2RB	Gene Expression
ENSG00000100097	LGALS1	Gene Expression
ENSG00000184381	PLA2G6	Gene Expression
ENSG00000239713	APOBEC3G	Gene Expression
ENSG00000100324	TAB1	Gene Expression
ENSG00000100387	RBX1	Gene Expression
ENSG00000100393	EP300	Gene Expression
ENSG00000100401	RANGAP1	Gene Expression
ENSG00000159958	TNFRSF13C	Gene Expression
ENSG00000186732	MPPED1	Gene Expression
ENSG00000075218	GTSE1	Gene Expression
ENSG00000185386	MAPK11	Gene Expression
ENSG00000185291	IL3RA	Gene Expression
ENSG00000002586	CD99	Gene Expression
ENSG00000196664	TLR7	Gene Expression
ENSG00000101916	TLR8	Gene Expression
ENSG00000101868	POLA1	Gene Expression
ENSG00000099399	MAGEB2	Gene Expression
ENSG00000165168	CYBB	Gene Expression
ENSG00000126759	CFP	Gene Expression
ENSG00000126767	ELK1	Gene Expression
ENSG00000126752	SSX1	Gene Expression
ENSG00000068323	TFE3	Gene Expression
ENSG00000049768	FOXP3	Gene Expression
ENSG00000205777	GAGE1	Gene Expression
ENSG00000158578	ALAS2	Gene Expression
ENSG00000155659	VSIG4	Gene Expression
ENSG00000089289	IGBP1	Gene Expression
ENSG00000147168	IL2RG	Gene Expression
ENSG00000186810	CXCR3	Gene Expression
ENSG00000010671	BTK	Gene Expression
ENSG00000189108	IL1RAPL2	Gene Expression
ENSG00000123496	IL13RA2	Gene Expression
ENSG00000131724	IL13RA1	Gene Expression
ENSG00000005893	LAMP2	Gene Expression
ENSG00000183918	SH2D1A	Gene Expression
ENSG00000102245	CD40LG	Gene Expression
ENSG00000227234	SPANXB1	Gene Expression
ENSG00000155495	MAGEC1	Gene Expression
ENSG00000046774	MAGEC2	Gene Expression
ENSG00000166049	PASD1	Gene Expression
ENSG00000147381	MAGEA4	Gene Expression
ENSG00000221867	MAGEA3	Gene Expression
ENSG00000213401	MAGEA12	Gene Expression
ENSG00000198681	MAGEA1	Gene Expression
ENSG00000184216	IRAK1	Gene Expression
ENSG00000160211	G6PD	Gene Expression
ENSG00000269335	IKBKG	Gene Expression
ENSG00000124334	IL9R	Gene Expression
ENSG00000114374	USP9Y	Gene Expression
