,x
AAACATACAGCTAC-1,1
AAACATTGTAAGGA-1,2
AAACCGTGGCGTAT-1,2
AAACGCACTACTGG-1,2
AAACGCTGAAGATG-1,2
AAACGCTGCGCATA-1,1
AAACGGCTCTGGAT-1,2
AAACGGCTTCGCTC-1,2
AAACGGCTTGCCCT-1,2
AAACTTGAAAGAAC-1,1
AAACTTGAGTCTTT-1,2
AAAGACGACTCAAG-1,2
AAAGACGATATCGG-1,1
AAAGAGACACTGTG-1,1
AAAGAGACTGGTGT-1,1
AAAGATCTCATTTC-1,1
AAAGATCTCTTATC-1,1
AAAGATCTCTTGAG-1,2
AAAGATCTGCGTAT-1,2
AAAGATCTGCGTTA-1,2
AAAGCAGAATTGGC-1,2
AAAGCCTGCCTATT-1,2
AAAGCCTGGCAAGG-1,2
AAAGCCTGTCACGA-1,2
AAAGGCCTAACCTG-1,1
AAAGTTTGCTGACA-1,1
AAAGTTTGCTTGAG-1,2
AAAGTTTGGGAAAT-1,2
AAATACTGAAAGCA-1,2
AAATACTGACACAC-1,2
AAATACTGCCCTTG-1,1
AAATACTGGAAGGC-1,2
AAATACTGGAGAGC-1,2
AAATACTGGTGTTG-1,2
AAATACTGTTCTGT-1,2
AAATCAACCTCCAC-1,1
AAATCAACTCAGGT-1,1
AAATCATGCTCGAA-1,1
AAATGGGAACCAGT-1,2
AAATGGGACTTGGA-1,1
AAATGGGAGAATCC-1,1
AAATGGGAGCTAAC-1,2
AAATGTTGACCCTC-1,2
AAATGTTGACTTTC-1,2
AAATGTTGCTGAAC-1,1
AAATGTTGGAGATA-1,2
AAATGTTGTGCCCT-1,1
AAATGTTGTTGCGA-1,1
AAATTCGACACTCC-1,1
AAATTCGACATACG-1,2
AAATTGACATCACG-1,1
AAATTGACTAGCCA-1,1
AACAAACTCGACAT-1,1
AACAAACTCTGGTA-1,2
AACAAACTGAATGA-1,1
AACAAACTGTGCAT-1,2
AACAATACAACGTC-1,2
AACAATACCAAGCT-1,2
AACAATACTAACCG-1,1
AACAATACTCCAAG-1,1
AACAATACTCGATG-1,1
AACACGTGACTGGT-1,2
AACACGTGCTCGCT-1,1
AACACGTGGAGGCA-1,2
AACACGTGTACGCA-1,1
AACACGTGTTCGGA-1,1
AACAGAGAATCTTC-1,2
AACAGAGATACTTC-1,2
AACAGAGATGCACA-1,1
AACAGCACAGTGCT-1,1
AACAGCACCCTAAG-1,2
AACAGCACCGTGTA-1,2
AACAGCACTCTCGC-1,2
AACATATGACGTTG-1,1
AACATATGCTTACT-1,1
AACATATGTCGTGA-1,2
AACATATGTGCTGA-1,2
AACATTGAGCCATA-1,2
AACATTGAGGGCAA-1,1
AACATTGATCCTGC-1,1
AACCACGACTTGAG-1,2
AACCACGATCCGAA-1,2
AACCCAGAGACTAC-1,2
AACCGATGAAAACG-1,1
AACCGATGCTTCGC-1,1
AACCGATGGCCAAT-1,2
AACCGATGTATCTC-1,1
AACCGATGTTGTCT-1,2
AACCGCCTATTCGG-1,1
AACCGCCTGTAAAG-1,1
AACCGCCTGTATGC-1,2
AACCGCCTTAGTCG-1,2
AACCTTACCCCTAC-1,2
AACCTTACCTACCC-1,2
AACCTTTGAAAGCA-1,2
AACCTTTGAGTGCT-1,2
AACCTTTGTGTCAG-1,2
AACGCAACCAGAAA-1,2
AACGCAACGTTACG-1,1
AACGCAACTTCAGG-1,1
AACGCATGTGAGAA-1,1
AACGCCCTACACGT-1,2
AACGGTACGGAAAT-1,2
AACGGTACTCAAGC-1,2
AACGGTACTGTCTT-1,2
AACGGTACTTCATC-1,1
AACGGTTGAATCGC-1,2
AACGGTTGGGGCAA-1,1
AACGTCGAAACCTG-1,2
AACGTCGAACACTG-1,2
AACGTGTGAGTGTC-1,2
AACGTGTGATGACC-1,1
AACGTGTGCCCTAC-1,2
AACGTGTGCGTTGA-1,1
AACGTGTGTCGCTC-1,2
AACGTGTGTTACTC-1,1
AACGTTCTTCCGAA-1,2
AACGTTCTTTGAGC-1,2
AACTACCTAGACTC-1,2
AACTACCTAGAGGC-1,2
AACTACCTCACTGA-1,2
AACTACCTCTTGAG-1,2
AACTCGGAACCACA-1,2
AACTCGGAGCGATT-1,2
AACTCTTGACACTG-1,1
AACTCTTGATGACC-1,1
AACTCTTGCGAGAG-1,1
AACTCTTGTCGCAA-1,1
AACTGTCTCAATCG-1,2
AACTTGCTGTATGC-1,2
AACTTGCTTCTCCG-1,2
AACTTGCTTGGTTG-1,1
AAGAACGATCACCC-1,1
AAGAAGACAAAGCA-1,1
AAGAAGACACTTTC-1,1
AAGAAGACGGAGTG-1,2
AAGAAGACTTTACC-1,1
AAGAATCTATGACC-1,1
AAGAATCTCGACTA-1,2
AAGAGATGCGTGTA-1,2
AAGATGGAGCATAC-1,2
AAGATTACATAAGG-1,1
AAGATTACATTCGG-1,1
AAGATTACCTAGTG-1,1
AAGATTACTGCCTC-1,2
AAGCAAGAAATCGC-1,2
AAGCAAGACCCTCA-1,1
AAGCCAACCAATCG-1,1
AAGCCATGAACCTG-1,2
AAGCCATGACTCTT-1,1
AAGCCATGCTGTTT-1,2
AAGCCTGAACCTGA-1,2
AAGCGACTAAAAGC-1,1
AAGCGTACGTGTTG-1,2
AAGCGTACTCTGGA-1,1
AAGGCTACTTACTC-1,2
AAGGTCACAAGGGC-1,2
AAGGTCACTGAAGA-1,1
AAGGTCTGGCCCTT-1,1
AAGGTGCTCAACTG-1,2
AAGGTGCTGCTGAT-1,1
AAGGTGCTGTAGGG-1,2
AAGGTGCTTACTGG-1,1
AAGTAACTAGCCTA-1,1
AAGTAACTGATAAG-1,1
AAGTAACTTATCGG-1,1
AAGTAGGACATCAG-1,1
AAGTAGGACGAACT-1,2
AAGTATACCCAACA-1,1
AAGTATACGAGGCA-1,2
AAGTATACTGAGGG-1,1
AAGTCCGAAATCGC-1,2
AAGTCCGAAGAACA-1,1
AAGTCCGACTGTCC-1,2
AAGTCCGATCAGTG-1,2
AAGTCTCTAGTGTC-1,1
AAGTCTCTCTTGCC-1,1
AAGTCTCTTTTACC-1,1
AAGTGCACAGTCTG-1,1
AAGTGCACATGTGC-1,1
AAGTGCACGGAAGC-1,1
AAGTTATGGCAGAG-1,2
AAGTTATGGCTGTA-1,1
AAGTTATGTCTATC-1,2
AAGTTATGTTCGGA-1,1
AAGTTCCTCAAGCT-1,2
AAGTTCCTCCTCCA-1,1
AAGTTCCTTCCGTC-1,2
AATAAGCTTGATGC-1,1
AATACCCTAAGTGA-1,2
AATACCCTCCGCTT-1,2
AATACCCTGTACAC-1,2
AATACTGAGCATAC-1,2
AATACTGAGGGACA-1,1
AATACTGATTCTCA-1,1
AATAGGGATTCATC-1,2
AATAGGGATTTCAC-1,1
AATATCGACCCGTT-1,1
AATATCGACGACTA-1,1
AATATCGAGCAGTT-1,1
AATCAAACGCAGTT-1,1
AATCAAACGCTTAG-1,1
AATCCGGACATTTC-1,1
AATCCGGATGTAGC-1,2
AATCCTACACCTAG-1,2
AATCCTACCCCTCA-1,2
AATCCTACGGGCAA-1,1
AATCCTTGAACGGG-1,2
AATCCTTGAACTGC-1,2
AATCCTTGTTGCGA-1,1
AATCGGTGACGCAT-1,1
AATCGGTGAGTACC-1,2
AATCGGTGCACTCC-1,1
AATCGGTGCCAAGT-1,2
AATCTAGAAGTCTG-1,2
AATCTAGAATTGGC-1,2
AATCTCACACCATG-1,2
AATCTCACACCCTC-1,1
AATCTCTGATCACG-1,2
AATCTCTGCGTTGA-1,1
AATGAGGACGCTAA-1,2
AATGAGGATTTCGT-1,1
AATGCGTGAACAGA-1,1
AATGCGTGAAGGGC-1,1
AATGCGTGATAAGG-1,1
AATGCGTGGCAAGG-1,1
AATGCGTGTGGTTG-1,1
AATGGAGATGCATG-1,1
AATGTAACAGTGCT-1,2
AATGTAACATCGTG-1,1
AATGTAACTTCCGC-1,2
AATGTCCTAAGGCG-1,2
AATGTCCTTTCCGC-1,2
AATGTTGAACCTGA-1,2
AATGTTGAAGCTCA-1,2
AATGTTGACCACCT-1,1
AATGTTGACCTACC-1,2
AATGTTGACTGCTC-1,1
AATTACGACGAATC-1,1
AATTCCTGAAAGCA-1,2
AATTGATGGTCTAG-1,2
AATTGTGAAACCAC-1,1
AATTGTGAACCTTT-1,1
AATTGTGAATTTCC-1,2
AATTGTGATGTCGA-1,2
ACAAAGGAGGTCTA-1,2
ACAAAGGAGTTGGT-1,1
ACAAAGGATGTAGC-1,2
ACAAATTGAACGAA-1,2
ACAAATTGGGGATG-1,1
ACAACCGACCTTGC-1,1
ACAACCGAGTAGGG-1,1
ACAAGAGAACGACT-1,1
ACAAGAGACTCAGA-1,1
ACAAGAGACTGTTT-1,2
ACAAGAGAGCATCA-1,1
ACAAGCACTCTTTG-1,1
ACAAGCACTTACTC-1,2
ACAATAACTCTCAT-1,1
ACAATCCTCGTGTA-1,2
ACAATCCTGTCCTC-1,1
ACAATTGACCCTCA-1,2
ACAATTGATTCCGC-1,2
ACACATCTCCATAG-1,2
ACACATCTGTGAGG-1,1
ACACATCTTGGGAG-1,1
ACACCCTGGAGGGT-1,1
ACACCCTGGCTACA-1,1
ACACGAACCTGATG-1,1
ACACGAACTGTGAC-1,1
ACACGATGAGCGTT-1,1
ACACGATGGGTCAT-1,2
ACACGATGTGGATC-1,1
ACACGTGACACTCC-1,2
ACACGTGATGACCA-1,1
ACAGACACCGTCTC-1,2
ACAGACACCTCAGA-1,1
ACAGCAACCCCTCA-1,2
ACAGCAACCCGTAA-1,2
ACAGGTACTCTTCA-1,1
ACAGTCGAAGCTAC-1,1
ACAGTCGAATCAGC-1,2
ACAGTCGAATCTCT-1,1
ACAGTCGATGAGAA-1,2
ACAGTGACACTACG-1,2
ACAGTGACATTCTC-1,2
ACAGTGACCCCACT-1,1
ACAGTGTGAACCAC-1,2
ACAGTGTGCTGGTA-1,2
ACAGTTCTTTTACC-1,1
ACATACCTTGTAGC-1,1
ACATCACTCCTCCA-1,1
ACATCACTTATGCG-1,1
ACATGGTGTCTCCG-1,2
ACCAACGACGATAC-1,2
ACCACAGAATGGTC-1,1
ACCACAGACTTCCG-1,1
ACCACAGAGGAAAT-1,1
ACCACAGAGTTTGG-1,2
ACCACAGATGGTAC-1,2
ACCACAGATGTCTT-1,2
ACCACCTGAAAACG-1,1
ACCACCTGCACAAC-1,2
ACCACCTGCCCTAC-1,2
ACCACCTGCCCTCA-1,1
ACCACCTGTGTGCA-1,1
ACCACGCTAACGGG-1,2
ACCAGCCTGAATCC-1,2
ACCAGCCTGTTGAC-1,2
ACCAGCCTTGGTGT-1,1
ACCAGTGACTCTCG-1,2
ACCAGTGAGCCAAT-1,2
ACCAGTGAGTTCAG-1,2
ACCAGTGATGCTAG-1,1
ACCATTACCCAATG-1,1
ACCATTACCGGAGA-1,1
ACCATTACTGCCCT-1,1
ACCATTTGAACCGT-1,2
ACCATTTGCTCAAG-1,2
ACCATTTGCTGTAG-1,1
ACCCAAGAATGGTC-1,2
ACCCAAGACTCGCT-1,2
ACCCAAGATAACGC-1,2
ACCCACTGAGAATG-1,1
ACCCACTGCCAAGT-1,2
ACCCAGCTAATGCC-1,2
ACCCAGCTCCCACT-1,2
ACCCAGCTCGAGTT-1,2
ACCCAGCTGTGCTA-1,1
ACCCGTACACCTAG-1,2
ACCCGTACGTGTAC-1,1
ACCCGTTGACACCA-1,1
ACCCGTTGAGCGGA-1,1
ACCCGTTGCTATGG-1,1
ACCCGTTGGAGAGC-1,2
ACCCGTTGGGATTC-1,1
ACCCGTTGTAACGC-1,1
ACCCTCGACATGGT-1,1
ACCCTCGAGACGAG-1,1
ACCGAAACACACAC-1,2
ACCGAAACGAATGA-1,2
ACCGAAACTAAGCC-1,1
ACCGAAACTCCCAC-1,1
ACCGAAACTGCATG-1,1
ACCGCGGAATCAGC-1,1
ACCGCGGACAGAGG-1,2
ACCGCGGATGACAC-1,1
ACCGCGGATGGCAT-1,2
ACCGCGGATTGAGC-1,1
ACCGTGCTGGATTC-1,1
ACCGTGCTGTAAGA-1,1
ACCTATTGGTTCGA-1,2
ACCTCCGAAAGGCG-1,1
ACCTCCGAAGCGGA-1,2
ACCTCCGACGAATC-1,1
ACCTCGTGAACGAA-1,2
ACCTCGTGGGCATT-1,1
ACCTCGTGTCGTGA-1,1
ACCTCGTGTGCATG-1,1
ACCTGGCTACGCTA-1,1
ACCTGGCTCGACTA-1,1
ACCTGGCTTATCGG-1,1
ACCTGGCTTGCCTC-1,1
ACCTGGCTTGTGGT-1,2
ACCTTTGAAAAAGC-1,1
ACCTTTGAACACTG-1,1
ACGAACACTGAAGA-1,2
ACGAACTGCTGTGA-1,1
ACGAACTGTGCTGA-1,2
ACGAACTGTTGAGC-1,2
ACGAAGCTTCCAAG-1,2
ACGAAGCTTGTCAG-1,1
ACGACAACGAACCT-1,2
ACGACAACGCCTTC-1,1
ACGACAACTTGAGC-1,2
ACGACCCTAACGTC-1,1
ACGACCCTCTGCTC-1,1
ACGACCCTGGAGGT-1,1
ACGACCCTTAAGCC-1,2
ACGACCCTTGCAAC-1,1
ACGACCCTTTGCGA-1,2
ACGAGTACCTGAGT-1,2
ACGAGTACGTCATG-1,1
ACGAGTACTGCAGT-1,1
ACGAGTACTTTACC-1,2
ACGATCGACGAGAG-1,2
ACGATCGATGCTGA-1,1
ACGATGACATAAGG-1,2
ACGATGACGAGAGC-1,1
ACGATTCTAGCCAT-1,2
ACGATTCTATGCCA-1,2
ACGATTCTGGTACT-1,1
ACGATTCTTAGCGT-1,1
ACGCAATGCCTTAT-1,1
ACGCAATGTATCTC-1,1
ACGCAATGTCTTAC-1,2
ACGCACCTACCAAC-1,1
ACGCCACTAACTGC-1,2
ACGCCACTAAGGCG-1,2
ACGCCACTCCTTTA-1,1
ACGCCACTGGAGTG-1,2
ACGCCACTGTTCTT-1,2
ACGCCGGAACAGCT-1,2
ACGCCGGACGGGAA-1,1
ACGCCGGACTCGAA-1,2
ACGCCGGATGGAGG-1,1
ACGCCTTGCGATAC-1,1
ACGCCTTGTTTACC-1,1
ACGCGGTGATAAGG-1,2
ACGCGGTGGTCTTT-1,2
ACGCTGCTACCTCC-1,2
ACGCTGCTTGTCTT-1,1
ACGGAACTAGGTCT-1,2
ACGGAACTCATTTC-1,2
ACGGAACTCCTAAG-1,1
ACGGAACTTAGCCA-1,1
ACGGAACTTGCATG-1,1
ACGGATTGGAAGGC-1,2
ACGGATTGGGGTGA-1,2
ACGGATTGGGTTAC-1,1
ACGGATTGTATTCC-1,2
ACGGATTGTTAGGC-1,2
ACGGCTCTACTCAG-1,1
ACGGCTCTGATAAG-1,1
ACGGGAGAACGACT-1,2
ACGGGAGAGACAAA-1,1
ACGGGAGATCCGAA-1,2
ACGGTAACAAAAGC-1,2
ACGGTAACCATCAG-1,2
ACGGTAACGGAAGC-1,1
ACGGTAACGTGTCA-1,1
ACGGTAACTACAGC-1,1
ACGGTAACTTATCC-1,1
ACGGTATGAACGGG-1,2
ACGGTATGTGCTCC-1,1
ACGGTATGTGGGAG-1,1
ACGTAGACCGCATA-1,2
ACGTAGACTGTCGA-1,2
ACGTCAGAAGTCAC-1,1
ACGTCAGATCTCTA-1,1
ACGTCAGATGACAC-1,1
ACGTCCTGGAAAGT-1,2
ACGTCGCTACGGAG-1,1
ACGTCGCTCAGTCA-1,1
ACGTCGCTTTATCC-1,2
ACGTGATGATTCCT-1,2
ACGTGCCTAGATCC-1,2
ACGTGCCTCCTCCA-1,1
ACGTGCCTCGTTGA-1,2
ACGTGCCTGTAAGA-1,2
ACGTTACTCGTTAG-1,2
ACGTTACTGATAAG-1,2
ACGTTGGACTGCTC-1,2
ACGTTGGATCACCC-1,2
ACGTTGGATCGCAA-1,1
ACGTTGGATGTCCC-1,1
ACGTTTACCTGGAT-1,1
ACGTTTACGGAGTG-1,2
ACTAAAACTGGAAA-1,2
ACTACTACCTGAAC-1,2
ACTACTACGGAACG-1,2
ACTAGGTGGAATAG-1,2
ACTAGGTGGGTAAA-1,2
ACTATCACAGCCAT-1,2
ACTATCACGGTAGG-1,1
ACTCAGGAGGTCTA-1,2
ACTCAGGATTCTGT-1,2
ACTCCCGACCTATT-1,2
ACTCCCGAGAAACA-1,2
ACTCCTCTCTATGG-1,1
ACTCCTCTGACGTT-1,2
ACTCGAGAAACTGC-1,2
ACTCGCACGCTGAT-1,2
ACTCGCACGGACAG-1,2
ACTCGCACTGCAAC-1,2
ACTCGCACTTTCTG-1,2
ACTCTATGCTATTC-1,1
ACTCTATGGAACTC-1,2
ACTCTCCTCGCTAA-1,2
ACTGAGACACACAC-1,2
ACTGAGACTACTTC-1,2
ACTGCCACAAGCAA-1,1
ACTGCCACCATGAC-1,2
ACTGCCACTCTCAT-1,2
ACTGCCTGATCTTC-1,2
ACTGTGGAGCGTTA-1,1
ACTGTGGAGTCAAC-1,1
ACTGTGGATTCCAT-1,2
ACTGTTACGACTAC-1,2
ACTTAAGATCTCTA-1,1
ACTTAGCTATACCG-1,1
ACTTAGCTCAAGCT-1,2
ACTTCAACGAGCAG-1,2
ACTTCAACGATAAG-1,2
ACTTCAACGTACAC-1,1
ACTTCAACTGATGC-1,2
ACTTCAACTTCTAC-1,1
ACTTCCCTAAAGCA-1,2
ACTTCTGAACCGAT-1,1
ACTTCTGATCTCCG-1,2
ACTTGACTATCGGT-1,2
ACTTGACTGAAACA-1,1
ACTTGGGAGCTGTA-1,1
ACTTGGGAGTTCTT-1,2
ACTTGTACCCTACC-1,1
ACTTGTACCGTACA-1,2
ACTTTGTGCAGCTA-1,2
ACTTTGTGGATAGA-1,1
ACTTTGTGTCTTTG-1,2
AGAAACGAAAACGA-1,1
AGAAACGACCTCCA-1,1
AGAAACGACTAGTG-1,1
AGAAAGTGACACGT-1,2
AGAAAGTGACTAGC-1,1
AGAAAGTGGCGATT-1,1
AGAAAGTGGTCCTC-1,2
AGAAAGTGTAACGC-1,2
AGAAAGTGTGCATG-1,1
AGAACAGAGGGTGA-1,2
AGAACAGATCTGGA-1,2
AGAACAGATTTGGG-1,1
AGAACGCTTGCAAC-1,1
AGAAGATGTTGGTG-1,2
AGAATACTAGGAGC-1,2
AGAATACTCCACCT-1,2
AGAATACTCCCTTG-1,2
AGAATGGATTCTTG-1,1
AGAATTTGAAAAGC-1,1
AGAATTTGAGTCAC-1,1
AGAATTTGCGAGAG-1,2
AGAATTTGTGCCTC-1,2
AGACACACACGCAT-1,2
AGACACACATCGAC-1,1
AGACACACCGATAC-1,2
AGACACACGCTTCC-1,2
AGACACACGTGCTA-1,1
AGACACTGCCGAAT-1,1
AGACACTGTCAGTG-1,1
AGACACTGTGGATC-1,1
AGACCTGACAATCG-1,1
AGACGTACTGCTGA-1,2
AGACTCGATGATGC-1,2
AGACTGACAAGTAG-1,1
AGACTTCTCCTGTC-1,1
AGAGAAACACGGAG-1,2
AGAGAAACCGGAGA-1,1
AGAGAAACCGTAGT-1,1
AGAGAAACGAACCT-1,2
AGAGAAACGTTGCA-1,2
AGAGAATGCTTGTT-1,2
AGAGAATGTACTGG-1,1
AGAGATGAACGGTT-1,2
AGAGCGGAGCTATG-1,2
AGAGCTACACGGAG-1,2
AGAGCTACCGTCTC-1,1
AGAGCTACTGCATG-1,1
AGAGGTCTCGAATC-1,1
AGAGGTCTCGTGTA-1,1
AGAGGTCTTCCTCG-1,1
AGAGTCACACGGGA-1,2
AGAGTCACGGCGAA-1,2
AGAGTCTGAACCGT-1,2
AGATATACGAACCT-1,1
AGATATTGCACACA-1,2
AGATCGTGAGAGTA-1,1
AGATCGTGCCGTTC-1,1
AGATCGTGGGGAGT-1,2
AGATCTCTGGTATC-1,1
AGATCTCTTCCAGA-1,2
AGATTAACACCACA-1,2
AGATTAACTAGCGT-1,2
AGATTAACTCGTAG-1,2
AGATTCCTAAGGTA-1,1
AGATTCCTTCCAGA-1,2
AGATTCCTTGCAGT-1,1
AGCAAAGAGCGAGA-1,2
AGCAAGCTGGACTT-1,2
AGCAAGCTTGGATC-1,2
AGCACAACCGAACT-1,1
AGCACTGAATTTCC-1,2
AGCACTGATGGAGG-1,2
AGCATCGAAAAACG-1,1
AGCATCGAGTTGCA-1,2
AGCATGACCCCTAC-1,2
AGCATGACCGGTAT-1,1
AGCATGACCGTCTC-1,1
AGCATGACTCGTAG-1,2
AGCATGACTCTCCG-1,2
AGCATTCTACTGGT-1,2
AGCATTCTCCTCGT-1,1
AGCCAATGATCTCT-1,2
AGCCAATGTACTCT-1,1
AGCCACCTACTCAG-1,2
AGCCACCTGTATGC-1,1
AGCCACCTTCTCAT-1,1
AGCCGGACAGGTTC-1,2
AGCCGGACGCGTTA-1,1
AGCCGGACTCTCCG-1,2
AGCCGGTGAAGTAG-1,2
AGCCGGTGACCTTT-1,2
AGCCGTCTGTTGCA-1,2
AGCCGTCTTGCCTC-1,2
AGCCTCACAGGAGC-1,1
AGCCTCACTACTGG-1,1
AGCCTCACTCCTAT-1,2
AGCCTCTGTTACCT-1,1
AGCGAACTAGAATG-1,2
AGCGAACTCTAGTG-1,1
AGCGAACTGGACGA-1,1
AGCGAACTTAAGGA-1,1
AGCGATACCAAAGA-1,1
AGCGATACGCTTAG-1,1
AGCGATACTCTCTA-1,1
AGCGCCGAAACGTC-1,1
AGCGCCGAAGTGTC-1,2
AGCGCTCTCCTCGT-1,2
AGCGGCACACTCAG-1,1
AGCGGCACGGTATC-1,2
AGCGGCTGCCAACA-1,1
AGCGGCTGGGACGA-1,2
AGCGGCTGTGGATC-1,1
AGCGGGCTCTAGAC-1,1
AGCGGGCTCTTTAC-1,2
AGCGGGCTGGTACT-1,2
AGCGGGCTTGTTTC-1,1
AGCGTAACCTTGAG-1,2
AGCTCGCTGTCAAC-1,1
AGCTCGCTGTTTGG-1,1
AGCTGCCTGACAAA-1,2
AGCTGCCTTGACAC-1,1
AGCTGCCTTTCGGA-1,2
AGCTGCCTTTTCTG-1,2
AGCTGTGAGAACCT-1,2
AGCTGTGAGGAAGC-1,1
AGCTTACTAGGCGA-1,2
AGCTTTACCTCGCT-1,2
AGCTTTACCTTCCG-1,2
AGGAACCTCACTTT-1,1
AGGAACCTCCATGA-1,1
AGGAACCTGACAAA-1,2
AGGAACCTGTTGCA-1,2
AGGAACCTTTTGCT-1,1
AGGAATGACTGATG-1,1
AGGAATGAGTCTGA-1,1
AGGACACTACCAAC-1,1
AGGACACTCGTGAT-1,1
AGGACACTGTCTAG-1,2
AGGACTTGTATCTC-1,2
AGGAGTCTAGCGTT-1,1
AGGATAGAAACCGT-1,2
AGGATAGACCGAAT-1,2
AGGATAGACTAGTG-1,1
AGGATGCTATTTCC-1,1
AGGCAACTCCGAAT-1,2
AGGCAACTGACGTT-1,2
AGGCAACTTTCGTT-1,1
AGGCAGGAAGGTCT-1,1
AGGCCTCTCCCAAA-1,1
AGGCCTCTGGTGTT-1,2
AGGCTAACAGTGTC-1,1
AGGCTAACCTCGAA-1,1
AGGCTAACGTGTCA-1,2
AGGGACGAAGCTAC-1,1
AGGGAGTGAAGCCT-1,1
AGGGAGTGCTCCAC-1,1
AGGGAGTGTCGTTT-1,2
AGGGCCACAAACAG-1,2
AGGGCCACACGTGT-1,2
AGGGCCTGTGTTCT-1,2
AGGGCGCTTGATGC-1,2
AGGGTGGAAGTTCG-1,2
AGGGTGGACAGCTA-1,2
AGGGTGGAGTTGGT-1,2
AGGGTGGATCAGTG-1,2
AGGGTGGATGATGC-1,2
AGGGTGGATGCGTA-1,2
AGGGTTTGCGTCTC-1,1
AGGGTTTGTTCATC-1,1
AGGTACACGGGATG-1,1
AGGTACACTCTTTG-1,2
AGGTACTGGCTTAG-1,1
AGGTACTGTTGACG-1,2
AGGTCATGCAGATC-1,1
AGGTCATGCCGTTC-1,2
AGGTCATGCTCTAT-1,2
AGGTCTGAGTGCTA-1,2
AGGTCTGATCAGGT-1,2
AGGTGGGAACACAC-1,2
AGGTGGGAATTGGC-1,1
AGGTGGGACCCACT-1,2
AGGTGGGACGTAGT-1,1
AGGTGGGATCACCC-1,1
AGGTGTTGGTTGGT-1,1
AGGTGTTGTCATTC-1,2
AGGTGTTGTCCCGT-1,2
AGGTTCGAGCTGTA-1,2
AGGTTGTGGGTGAG-1,2
AGTAAGGAATGGTC-1,2
AGTAAGGATGCTTT-1,2
AGTAATACCCTGAA-1,1
AGTAATACCGTAAC-1,2
AGTAATACTCAGAC-1,2
AGTAATTGAGATCC-1,2
AGTACGTGTCTTTG-1,2
AGTACGTGTTGGTG-1,1
AGTACTCTCAAAGA-1,1
AGTAGAGATTCTGT-1,1
AGTAGGCTAGAATG-1,2
AGTATAACCACACA-1,2
AGTATAACCACTTT-1,1
AGTATCCTCAAGCT-1,2
AGTATCCTGAATCC-1,2
AGTATCCTTGAACC-1,2
AGTCACGAAGCATC-1,1
AGTCACGAAGTGTC-1,1
AGTCACGAATGACC-1,2
AGTCACGAGGTACT-1,1
AGTCACGATGTCCC-1,2
AGTCCAGATGTGAC-1,2
AGTCGAACATCACG-1,2
AGTCGCCTAGAACA-1,1
AGTCGCCTAGAGTA-1,2
AGTCGCCTTACGAC-1,2
AGTCTACTCAAGCT-1,2
AGTCTACTCCGAAT-1,2
AGTCTACTCTATTC-1,1
AGTCTACTTGCTTT-1,1
AGTCTTACCAGAAA-1,1
AGTGACACCCTCGT-1,2
AGTGACACTGTAGC-1,1
AGTGACACTGTGGT-1,2
AGTGCAACCGTACA-1,2
AGTGCAACTGGAGG-1,2
AGTGTGACAGCAAA-1,2
AGTGTGACATCGGT-1,2
AGTGTTCTACCCTC-1,2
AGTGTTCTTCCTCG-1,1
AGTTAAACCATCAG-1,2
AGTTAAACCGTACA-1,2
AGTTAAACTGTCCC-1,2
AGTTATGAGTCACA-1,1
AGTTATGAGTCGTA-1,2
AGTTATGAGTCTGA-1,1
AGTTCTACGGGAGT-1,1
AGTTCTTGTGCCCT-1,2
AGTTGTCTAGGAGC-1,2
AGTTGTCTCTTGTT-1,1
AGTTTAGAGAACCT-1,1
AGTTTAGAGCCATA-1,2
AGTTTAGAGGTACT-1,2
AGTTTCACCTTGAG-1,2
AGTTTGCTTTTGTC-1,1
ATAAACACAACCGT-1,2
ATAAACACACCACA-1,2
ATAAACACGGTTAC-1,2
ATAAACACTATGGC-1,2
ATAACATGAGTCTG-1,1
ATAACATGCACCAA-1,1
ATAACCCTGAATCC-1,1
ATAACCCTTAGCCA-1,2
ATAAGTACTGTCTT-1,2
ATAAGTTGCGTTGA-1,2
ATAAGTTGCTAGAC-1,1
ATAAGTTGGCTATG-1,2
ATAAGTTGTCACCC-1,2
ATAATCGAACAGCT-1,1
ATAATCGAGGCATT-1,2
ATAATCGAGTAAAG-1,2
ATAATCGAGTAGGG-1,1
ATAATGACCCGTTC-1,1
ATAATGACTGCAAC-1,2
ATACAATGGGCAAG-1,1
ATACAATGTCTTAC-1,2
ATACACCTTCCTGC-1,1
ATACCGGAGATGAA-1,2
ATACCTACTGATGC-1,2
ATACCTTGTGCCAA-1,1
ATACGGACAAGCAA-1,2
ATACGGACCTTGGA-1,2
ATACGGACTTTGGG-1,2
ATACTCTGGAACCT-1,2
ATACTCTGGCCTTC-1,1
ATACTCTGTCCAGA-1,2
ATACTCTGTCCTTA-1,1
ATAGAACTACCACA-1,2
ATAGAACTCAGAGG-1,1
ATAGAACTTTGTGG-1,1
ATAGATACCTGAGT-1,1
ATAGATTGATCACG-1,2
ATAGCCGAATGACC-1,2
ATAGCGTGAGTCTG-1,1
ATAGCGTGGGGATG-1,1
ATAGCTCTAGATCC-1,1
ATAGCTCTCCGTAA-1,2
ATAGCTCTCGCTAA-1,2
ATAGCTCTTCGCCT-1,1
ATAGGAGATGCGTA-1,2
ATAGTCCTCTGCAA-1,1
ATAGTTGACAAAGA-1,1
ATAGTTGACTTCTA-1,2
ATAGTTGATCATTC-1,2
ATAGTTGATCTCAT-1,1
ATAGTTGATGCCTC-1,1
ATATACGAGAACCT-1,2
ATATACGAGTAGCT-1,1
ATATACGAGTTCAG-1,1
ATATACGATGAGGG-1,1
ATATAGTGAGTACC-1,1
ATATAGTGCGTTAG-1,2
ATATAGTGTTTCGT-1,1
ATATGAACGTGTCA-1,2
ATATGAACTGGATC-1,1
ATATGCCTCACACA-1,1
ATATGCCTTCATTC-1,2
ATATGCCTTCCGTC-1,1
ATCAAATGTCAAGC-1,2
ATCAACCTAACCGT-1,1
ATCAACCTACCCTC-1,1
ATCAACCTCCAACA-1,2
ATCAACCTCCGCTT-1,1
ATCAACCTGGTTAC-1,1
ATCACACTCTATGG-1,1
ATCACGGACTCTCG-1,1
ATCACGGAGGTGAG-1,1
ATCACGGATGAACC-1,1
ATCACTACAGGAGC-1,2
ATCACTACATCGAC-1,1
ATCACTACCAGTTG-1,1
ATCACTTGGCGATT-1,1
ATCACTTGTATCTC-1,1
ATCAGGTGGAAAGT-1,1
ATCAGGTGGTACCA-1,1
ATCATCTGAAGAGT-1,2
ATCATCTGACCTGA-1,2
ATCATCTGAGAAGT-1,1
ATCATCTGCCGAAT-1,2
ATCATCTGGAATAG-1,2
ATCATCTGTGCTAG-1,2
ATCATCTGTTCGGA-1,2
ATCATGCTAAACAG-1,1
ATCCATACTAGTCG-1,2
ATCCCGTGGTCCTC-1,2
ATCCCGTGTTGGCA-1,1
ATCCTAACAGGTTC-1,1
ATCGACGAGAACCT-1,2
ATCGACGAGAGGAC-1,2
ATCGAGTGCTACTT-1,1
ATCGCAGATCGCAA-1,2
ATCGCCACCCGCTT-1,1
ATCGCCACTAGCGT-1,1
ATCGCGCTACCGAT-1,2
ATCGCGCTCATTTC-1,1
ATCGCGCTGCTGAT-1,1
ATCGGAACATGTCG-1,2
ATCGGAACGCCCTT-1,1
ATCGGTGAAAGTAG-1,2
ATCGGTGAGGTTAC-1,1
ATCGGTGATCAAGC-1,2
ATCGTTTGGGCAAG-1,2
ATCTACACGCGATT-1,2
ATCTACTGATCGTG-1,1
ATCTGACTAAGCAA-1,1
ATCTGACTGGAGCA-1,2
ATCTGACTTAGAGA-1,1
ATCTGACTTGCAGT-1,1
ATCTGGGAACCCTC-1,2
ATCTGGGACTTCTA-1,2
ATCTGTTGAAGCAA-1,2
ATCTGTTGCGACAT-1,1
ATCTGTTGGCTTCC-1,1
ATCTTGACAGTCGT-1,2
ATCTTGACGTTTGG-1,2
ATCTTGACTGACAC-1,2
ATCTTTCTAAGTGA-1,2
ATCTTTCTTGAGGG-1,1
ATCTTTCTTGCAGT-1,1
ATGAAACTCCATGA-1,2
ATGAAACTCGGAGA-1,1
ATGAAGGAACTACG-1,2
ATGAAGGAGTTCTT-1,2
ATGACGTGAAGGTA-1,2
ATGACGTGTCAGTG-1,2
ATGAGAGAGACGTT-1,2
ATGAGAGAGCGTTA-1,2
ATGAGCACAGATGA-1,2
ATGAGCACCCCACT-1,1
ATGAGCACCCGAAT-1,2
ATGAGCACTCGTAG-1,2
ATGATAACTGACCA-1,2
ATGATATGGGAAAT-1,2
ATGATATGTACTGG-1,2
ATGCACGAGTGCAT-1,1
ATGCAGTGGGACTT-1,2
ATGCAGTGTTTGTC-1,2
ATGCCAGAAGAGAT-1,2
ATGCCAGAAGGTTC-1,2
ATGCCAGACGTAAC-1,1
ATGCCAGATACTGG-1,1
ATGCCGCTCCCAAA-1,2
ATGCCGCTCCGTTC-1,2
ATGCCGCTTACGAC-1,2
ATGCCGCTTATGGC-1,2
ATGCGATGATCAGC-1,2
ATGCGATGCCTTAT-1,1
ATGCGATGTATGGC-1,1
ATGCGATGTCTGGA-1,1
ATGCGCCTGTTGAC-1,1
ATGCTTTGACGGAG-1,2
ATGCTTTGTCCTTA-1,1
ATGGGTACGAGCTT-1,1
ATGGGTACGTTGAC-1,2
ATGGTGACACCATG-1,1
ATGGTGACGAATAG-1,2
ATGTAAACCGAGAG-1,2
ATGTAAACTTTACC-1,2
ATGTACCTCTATTC-1,2
ATGTACCTGCTTAG-1,2
ATGTCACTCACTAG-1,1
ATGTCGGAACACCA-1,2
ATGTCGGAAGAATG-1,1
ATGTCGGACTGTGA-1,2
ATGTCGGATAGAGA-1,1
ATGTCGGATGACTG-1,1
ATGTTAGACCTCGT-1,1
ATGTTAGACTCGAA-1,1
ATGTTAGAGTGTAC-1,2
ATGTTCACAACCTG-1,1
ATGTTCACCTCAGA-1,2
ATGTTCACGTGTCA-1,2
ATGTTGCTATCACG-1,1
ATGTTGCTCTCATT-1,1
ATTAACGAATGTCG-1,2
ATTAACGACAACCA-1,1
ATTAACGAGAGCTT-1,2
ATTAAGACCTACGA-1,2
ATTAAGACGAGATA-1,2
ATTAAGACTGAGGG-1,1
ATTAAGACTTGGTG-1,2
ATTACCACAAAACG-1,2
ATTACCACACCGAT-1,1
ATTACCACGCTCCT-1,1
ATTACCTGACCCAA-1,1
ATTACCTGCTCATT-1,1
ATTACCTGCTGTTT-1,2
ATTACCTGGTTCTT-1,1
ATTACCTGTAACCG-1,1
ATTAGATGACCAAC-1,1
ATTAGATGCTACCC-1,2
ATTAGATGTGAGAA-1,1
ATTAGTGACATGAC-1,1
ATTAGTGACATTGG-1,2
ATTATGGACACTCC-1,2
ATTATGGATTCTTG-1,2
ATTCAAGAAAAGTG-1,2
ATTCAAGACATTGG-1,1
ATTCAAGATACGCA-1,1
ATTCAAGATGCTAG-1,1
ATTCAAGATGTGCA-1,2
ATTCAAGATTCGCC-1,1
ATTCAGCTACCCTC-1,1
ATTCAGCTCTCTTA-1,2
ATTCCAACGCATAC-1,2
ATTCCAACGTATCG-1,2
ATTCCAACTGGTTG-1,2
ATTCCATGAAGCCT-1,2
ATTCCATGCACTAG-1,2
ATTCGACTTCCGAA-1,1
ATTCGACTTCTCGC-1,2
ATTCGGGAACGGGA-1,2
ATTCGGGACGGTAT-1,1
ATTCGGGATCATTC-1,2
ATTCGGGATGTGGT-1,1
ATTCTGACTGGCAT-1,2
ATTCTTCTAGCTAC-1,2
ATTCTTCTAGGGTG-1,1
ATTCTTCTCTCCCA-1,2
ATTCTTCTCTCTTA-1,2
ATTCTTCTGATAGA-1,1
ATTCTTCTTCCAAG-1,1
ATTGAAACAACCGT-1,2
ATTGAAACACGTAC-1,2
ATTGAATGGCTAAC-1,1
ATTGAATGGGGCAA-1,1
ATTGAATGTGCAAC-1,2
ATTGAATGTTCCGC-1,2
ATTGATGAAAGAGT-1,2
ATTGATGACAGTTG-1,1
ATTGATGACGAGAG-1,2
ATTGATGAGGTAAA-1,1
ATTGCACTACACGT-1,1
ATTGCACTAGTCGT-1,2
ATTGCGGAAAAGTG-1,1
ATTGCGGACTTAGG-1,2
ATTGCGGAGTCTGA-1,2
ATTGCGGATAGAAG-1,2
ATTGCGGATTTCGT-1,2
ATTGCTACATGCCA-1,1
ATTGCTACCAGTCA-1,1
ATTGCTACCTTGGA-1,1
ATTGCTACGCTGTA-1,2
ATTGCTACTGACCA-1,2
ATTGCTTGTTCACT-1,1
ATTGGGTGCTAGTG-1,2
ATTGGGTGGAAACA-1,2
ATTGGGTGTTTGTC-1,1
ATTGGTCTCTCGCT-1,2
ATTGTAGAGCTCCT-1,2
ATTGTAGAGGAGTG-1,2
ATTGTCTGCGATAC-1,2
ATTGTCTGCTGGTA-1,2
ATTGTCTGTGAAGA-1,2
ATTTAGGAACAGTC-1,1
ATTTAGGAATGCCA-1,1
ATTTAGGAGTAGGG-1,1
ATTTCCGACAGTCA-1,2
ATTTCCGACTACCC-1,2
ATTTCCGACTACTT-1,1
ATTTCGTGTGTGAC-1,2
ATTTCTCTCAACCA-1,2
ATTTCTCTCACTAG-1,2
ATTTGCACCAAAGA-1,1
ATTTGCACGCGAGA-1,2
ATTTGCACTTGGCA-1,2
CAAACTCTGTGCTA-1,1
CAAAGCACATTTCC-1,2
CAAAGCACCTTCTA-1,2
CAAAGCACTCTGGA-1,1
CAAAGCTGATCGGT-1,1
CAAAGCTGCACTTT-1,1
CAAAGCTGTACTTC-1,2
CAAATATGAACCAC-1,1
CAAATATGTGGGAG-1,2
CAAATTGATCTCTA-1,1
CAACAGACGAGCTT-1,2
CAACCAGAGTCCTC-1,2
CAACCGCTAGAGAT-1,2
CAACCGCTGGGACA-1,2
CAACGAACCTGAAC-1,1
CAACGATGAACCTG-1,2
CAACGATGCGTGTA-1,1
CAACGTGAACCCTC-1,1
CAACGTGACCGTTC-1,1
CAACGTGACTACCC-1,1
CAACGTGAGAAAGT-1,2
CAACGTGAGTTCAG-1,2
CAACTTTGGGCATT-1,2
CAAGAAGACCAGTA-1,2
CAAGACACACTAGC-1,2
CAAGACACCACTCC-1,1
CAAGACACTCGCCT-1,2
CAAGACACTTTGGG-1,1
CAAGACTGCAAAGA-1,2
CAAGACTGCTGTTT-1,1
CAAGACTGCTTCGC-1,1
CAAGACTGGACACT-1,2
CAAGCATGAGCTAC-1,1
CAAGCATGCAGATC-1,1
CAAGCATGGACGAG-1,2
CAAGCCCTAGCACT-1,1
CAAGCTGACAGTTG-1,1
CAAGCTGACGGGAA-1,2
CAAGCTGATCTTAC-1,2
CAAGGACTAGGGTG-1,2
CAAGGACTTACTCT-1,1
CAAGGTTGTCCCAC-1,1
CAAGGTTGTGTGCA-1,1
CAAGTCGAGCTGAT-1,1
CAAGTCGATCGTAG-1,2
CAAGTCGATCTACT-1,1
CAAGTCGATTGGTG-1,1
CAATAAACCATTTC-1,1
CAATAAACGTTCAG-1,1
CAATAAACTACTCT-1,2
CAATAATGTCCTCG-1,2
CAATAATGTGAGAA-1,1
CAATCGGACTTCTA-1,1
CAATCTACAAGAGT-1,2
CAATCTACAGCTAC-1,2
CAATCTACCGATAC-1,1
CAATTCACAAAAGC-1,2
CAATTCACGACAGG-1,2
CAATTCACTATTCC-1,1
CACAACGAAACCTG-1,2
CACAACGACCAGTA-1,2
CACAACGACGACAT-1,1
CACAATCTCAACTG-1,2
CACAATCTGAAAGT-1,2
CACAATCTTTCGTT-1,2
CACACCTGGCTAAC-1,1
CACACCTGTCTACT-1,2
CACAGAACGACGAG-1,1
CACAGCCTACTTTC-1,1
CACAGTGACCTCCA-1,2
CACAGTGAGAATGA-1,2
CACAGTGAGTCTGA-1,2
CACATACTCGGAGA-1,2
CACATACTCTGCAA-1,1
CACATACTTCGACA-1,2
CACATACTTGACTG-1,2
CACATGGAGGTCTA-1,2
CACATGGAGTGCTA-1,2
CACCACTGCACAAC-1,2
CACCACTGCGTACA-1,1
CACCCATGGTACCA-1,2
CACCCATGTCTTCA-1,1
CACCGTACATTCCT-1,1
CACCGTACCTCAAG-1,2
CACCGTACGTGAGG-1,2
CACCGTTGAGCACT-1,1
CACCGTTGTAGAGA-1,1
CACCGTTGTGAGGG-1,1
CACCGTTGTTACTC-1,2
CACCTGACACGGTT-1,1
CACCTGACAGATGA-1,1
CACCTGACCATTCT-1,2
CACCTGACGAACTC-1,1
CACCTGACTGATGC-1,2
CACGAAACACCCTC-1,2
CACGACCTACCATG-1,2
CACGATGACGAGTT-1,1
CACGGGACGAGGTG-1,2
CACGGGACGTTGTG-1,2
CACGGGACTGCTGA-1,2
CACGGGACTTCCAT-1,2
CACGGGTGTTATCC-1,1
CACTAACTAGGTCT-1,1
CACTAACTGACGTT-1,2
CACTAACTTGTGGT-1,2
CACTAACTTTGACG-1,2
CACTAGGAAATGCC-1,2
CACTAGGAAGTGTC-1,1
CACTAGGAGCCTTC-1,2
CACTCTCTGTTGAC-1,2
CACTCTCTTGTAGC-1,2
CACTGAGACGAGTT-1,1
CACTGAGATATGGC-1,1
CACTGAGATCTAGG-1,2
CACTGCACTAACCG-1,2
CACTGCACTTCCAT-1,1
CACTGCTGGATAAG-1,1
CACTGCTGGGAGTG-1,2
CACTGCTGGTACCA-1,2
CACTGCTGTCGCAA-1,1
CACTTAACCTGAGT-1,2
CACTTAACGCCTTC-1,2
CACTTATGACTTTC-1,1
CACTTATGTGCGTA-1,2
CAGAAGCTACTCAG-1,1
CAGAAGCTCTCAGA-1,2
CAGAAGCTGCAGTT-1,2
CAGAAGCTTGTGAC-1,1
CAGACAACAACCAC-1,2
CAGACAACACTCTT-1,2
CAGACAACGCATAC-1,2
CAGACATGGGATTC-1,2
CAGACATGTGGTCA-1,1
CAGACCCTCCATGA-1,2
CAGACCCTCGACTA-1,2
CAGACTGACGAACT-1,2
CAGACTGAGGACTT-1,1
CAGACTGATGAGGG-1,1
CAGACTGATTCACT-1,1
CAGAGGGACTTATC-1,1
CAGATCGAAGAACA-1,2
CAGATCGATTTGGG-1,1
CAGATGACACCGAT-1,2
CAGATGACCTTGCC-1,2
CAGCAATGGACTAC-1,1
CAGCAATGTTAGGC-1,2
CAGCAATGTTGACG-1,2
CAGCACCTACCAAC-1,1
CAGCACCTACTTTC-1,2
CAGCACCTGTTTGG-1,2
CAGCACCTTCTCGC-1,1
CAGCATGAACCACA-1,1
CAGCATGAACTCAG-1,2
CAGCATGAAGAACA-1,2
CAGCATGAGACGGA-1,1
CAGCATGATACAGC-1,2
CAGCCTACAAACAG-1,1
CAGCCTACTAGTCG-1,1
CAGCCTTGCTACTT-1,1
CAGCCTTGGGTCTA-1,1
CAGCGGACGAACCT-1,2
CAGCGGACGCGGAA-1,2
CAGCTAGACAGCTA-1,1
CAGCTAGACTGAAC-1,1
CAGCTCACAAAACG-1,2
CAGCTCACGCCCTT-1,2
CAGCTCACGTGTTG-1,2
CAGCTCACGTTCTT-1,1
CAGCTCACTGCATG-1,2
CAGCTCACTGTCAG-1,2
CAGCTCTGGCCATA-1,1
CAGCTCTGGGCATT-1,1
CAGCTCTGGGTTAC-1,2
CAGCTCTGTTGAGC-1,2
CAGGAACTCCGCTT-1,2
CAGGGCACGACGAG-1,1
CAGGGCACTGGTTG-1,1
CAGGTATGAAACGA-1,1
CAGGTATGGCCTTC-1,2
CAGGTATGGTGCTA-1,2
CAGGTATGGTTAGC-1,1
CAGGTATGTTGCAG-1,2
CAGGTTGAACACGT-1,1
CAGGTTGACCTCAC-1,2
CAGGTTGAGTTTCT-1,2
CAGTCAGAATGTGC-1,2
CAGTCAGACATACG-1,2
CAGTCAGATCATTC-1,1
CAGTGATGACACTG-1,2
CAGTGATGCGAGAG-1,2
CAGTGATGCGATAC-1,1
CAGTGATGGTTACG-1,1
CAGTGATGTCTTTG-1,2
CAGTGATGTGTTTC-1,2
CAGTGTGATGACTG-1,2
CAGTGTGATGGTGT-1,2
CAGTTACTCTAAGC-1,2
CAGTTACTGCATCA-1,1
CAGTTGGATACGCA-1,2
CAGTTTACCCCAAA-1,1
CAGTTTACGGAGCA-1,1
CAGTTTACGGGCAA-1,2
CATAAAACCAGATC-1,1
CATAAATGGCAGAG-1,1
CATAAATGTCGCAA-1,2
CATAACCTAATCGC-1,2
CATAACCTAGTGTC-1,1
CATAACCTTCTATC-1,1
CATAACCTTGACAC-1,2
CATAGTCTAGCTAC-1,1
CATAGTCTCCATGA-1,2
CATATAGATGTTTC-1,1
CATCAACTCCCTTG-1,1
CATCAACTTCCCAC-1,1
CATCAGGAACGGAG-1,2
CATCAGGACAGTTG-1,2
CATCAGGATCGTTT-1,1
CATCAGGATTCTTG-1,1
CATCATACTTGCAG-1,2
CATCCCGAAACGAA-1,2
CATCCCGAGTTACG-1,1
CATCCCGATAACGC-1,2
CATCCCGATGTGAC-1,1
CATCGGCTACCACA-1,1
CATCGGCTAGAACA-1,2
CATCGGCTGAACCT-1,1
CATCGGCTTCAAGC-1,1
CATCTCCTTCTACT-1,1
CATCTTGAGTACCA-1,2
CATCTTGATCACGA-1,1
CATCTTGATCGTAG-1,1
CATGAGACAGACTC-1,2
CATGAGACGGTGAG-1,1
CATGAGACTATCTC-1,1
CATGCCACTTCCGC-1,1
CATGCGCTAGAGTA-1,1
CATGCGCTCCCTCA-1,2
CATGCGCTGTTACG-1,1
CATGGATGCCCAAA-1,2
CATGGATGTGCGTA-1,1
CATGGCCTCTTCCG-1,2
CATGGCCTGGTCAT-1,2
CATGGCCTGGTTTG-1,2
CATGGCCTTTACTC-1,2
CATGTACTTCGACA-1,2
CATGTTACCCGCTT-1,1
CATGTTACGGACTT-1,1
CATGTTTGACGTAC-1,2
CATGTTTGTTACCT-1,1
CATTACACAGTACC-1,1
CATTACACGACACT-1,1
CATTACACGGTTAC-1,2
CATTACACTAACCG-1,1
CATTAGCTAGAGTA-1,2
CATTAGCTGTGTTG-1,2
CATTGACTAGCCTA-1,1
CATTGGGACTGCTC-1,2
CATTGTACATGTCG-1,2
CATTGTACCATGGT-1,2
CATTGTACGCCCTT-1,2
CATTGTACGGGCAA-1,1
CATTGTACTGGAGG-1,2
CATTGTACTTCTAC-1,1
CATTGTTGAGGAGC-1,2
CATTGTTGGTAAAG-1,1
CATTTCGAAGCTAC-1,2
CATTTGACGGTTTG-1,2
CATTTGTGAGTCAC-1,1
CATTTGTGCATGCA-1,2
CATTTGTGCTAGCA-1,1
CATTTGTGGTCGTA-1,2
CCAAAGTGATTTCC-1,1
CCAAAGTGTCCTAT-1,1
CCAACCTGCACACA-1,1
CCAACCTGGGGAGT-1,2
CCAACCTGTAGCGT-1,2
CCAACCTGTCTAGG-1,1
CCAAGAACTGTCTT-1,1
CCAAGATGTGTCGA-1,2
CCAAGTGATCGCTC-1,2
CCAAGTGATTGCTT-1,1
CCAATGGACTTCTA-1,2
CCAATGGAGGTAAA-1,2
CCAATTTGCGGAGA-1,1
CCAATTTGCTGAAC-1,1
CCACCATGCATACG-1,2
CCACCATGGACACT-1,2
CCACCATGTCCAGA-1,1
CCACCATGTGCGTA-1,2
CCACCTGAGCGAGA-1,2
CCACGGGAGGAAGC-1,1
CCACTGACCCCGTT-1,1
CCACTGACGGACTT-1,2
CCACTGTGCGAGTT-1,2
CCACTTCTTCCTGC-1,1
CCAGAAACCCCTTG-1,2
CCAGAAACTGGTGT-1,2
CCAGAAACTGTAGC-1,1
CCAGACCTTACAGC-1,2
CCAGCACTACCCTC-1,1
CCAGCACTCATGCA-1,2
CCAGCTACTACAGC-1,2
CCAGGTCTAGCATC-1,1
CCAGGTCTGCTATG-1,1
CCAGTCACAGTCTG-1,2
CCAGTCACCCCAAA-1,1
CCAGTCACTACTGG-1,2
CCAGTCTGGTTCGA-1,2
CCAGTCTGTTCCCG-1,1
CCAGTGCTCTTGTT-1,2
CCAGTGCTGAGCAG-1,1
CCAGTGCTTCACCC-1,2
CCATAGGACGTAAC-1,1
CCATAGGATCGACA-1,1
CCATCCGATGCAGT-1,1
CCATCCGATGGGAG-1,2
CCATCGTGCGGAGA-1,1
CCATGCTGCTTGCC-1,1
CCATTAACTTACTC-1,1
CCCAACACACCTGA-1,1
CCCAACACCTACTT-1,2
CCCAACTGCACAAC-1,2
CCCAACTGGATGAA-1,2
CCCAACTGGTTAGC-1,1
CCCAGACTGAACTC-1,2
CCCAGACTGCCATA-1,2
CCCAGTTGAAAAGC-1,1
CCCAGTTGTTCAGG-1,2
CCCATCGACCAATG-1,1
CCCATCGACTACGA-1,2
CCCATCGAGGGAGT-1,1
CCCATCGATGTTCT-1,1
CCCATGTGCGAGTT-1,2
CCCATGTGCTACTT-1,1
CCCATGTGCTCGCT-1,1
CCCATGTGGACGTT-1,2
CCCATGTGTCTTTG-1,1
CCCATGTGTTCTAC-1,1
CCCGAACTGGAACG-1,1
CCCGAACTGTTTCT-1,2
CCCGAACTTTGCAG-1,1
CCCGATTGCTCGCT-1,1
CCCGATTGGTATGC-1,2
CCCGGAGAACGACT-1,2
CCCGGAGACGTAGT-1,2
CCCGGAGACTTCTA-1,2
CCCGGAGATGTCCC-1,2
CCCTACGATGATGC-1,2
CCCTAGTGACCTAG-1,2
CCCTAGTGATGCTG-1,2
CCCTAGTGGATACC-1,1
CCCTCAGAAACCAC-1,1
CCCTCAGAAAGCCT-1,2
CCCTCAGAAAGGGC-1,1
CCCTCAGACATGGT-1,1
CCCTCAGAGTTGGT-1,1
CCCTGAACATAAGG-1,1
CCCTGATGAAGGGC-1,2
CCCTGATGACACGT-1,1
CCCTGATGGTTTCT-1,1
CCGAAAACCCCGTT-1,2
CCGAAAACTTACTC-1,2
CCGACACTGCGTAT-1,2
CCGACTACGTCATG-1,1
CCGATAGAAACCTG-1,1
CCGATAGACATTCT-1,1
CCGATAGACTTGCC-1,2
CCGATAGATCGCCT-1,2
CCGCGAGAAACGAA-1,2
CCGCGAGATTCCCG-1,1
CCGCTATGACGGTT-1,2
CCGCTATGCCACAA-1,2
CCGCTATGGTTAGC-1,1
CCGCTATGTACTGG-1,2
CCGGAGTGCAGAAA-1,1
CCGGAGTGCTAGCA-1,1
CCGGAGTGGAGGAC-1,1
CCGGAGTGGGACTT-1,2
CCGGAGTGTGAAGA-1,2
CCGGAGTGTTTACC-1,2
CCGGTACTAGCAAA-1,2
CCGTAAGACCCTAC-1,2
CCGTAAGAGTGAGG-1,1
CCGTACACCGTCTC-1,1
CCGTACACTTATCC-1,1
CCTAAACTGAGATA-1,2
CCTAAGGACGATAC-1,2
CCTAAGGAGAACTC-1,2
CCTAAGGAGTAAGA-1,2
CCTACCGACATGCA-1,2
CCTATAACGCTAAC-1,2
CCTATTGACACACA-1,1
CCTATTGAGCATCA-1,2
CCTCATCTCACTTT-1,2
CCTCATCTCTTGCC-1,2
CCTCATCTTCGATG-1,1
CCTCGAACAGAAGT-1,1
CCTCGAACGAGGAC-1,1
CCTCGAACTAAGGA-1,2
CCTCTACTCGATAC-1,1
CCTCTACTGTTTGG-1,1
CCTGACTGCCCTTG-1,2
CCTGAGCTAGTCAC-1,1
CCTGAGCTGGAGTG-1,1
CCTGAGCTTCCAGA-1,2
CCTGCAACCTACTT-1,1
CCTGGACTAGGTTC-1,2
CCTGGACTGTTCAG-1,2
CCTGGACTTACAGC-1,1
CCTTAATGCTCAGA-1,1
CCTTAATGGCTATG-1,2
CCTTAATGGTAAAG-1,2
CCTTAATGTGACAC-1,2
CCTTCACTATTCGG-1,2
CCTTCACTCAGGAG-1,1
CCTTCACTTTTACC-1,2
CCTTTAGAAAGGTA-1,1
CGAACATGACGCAT-1,1
CGAACATGCCTTTA-1,1
CGAACATGGACAGG-1,1
CGAACATGGGTAGG-1,1
CGAACATGTTCTCA-1,1
CGAAGACTCAAGCT-1,1
CGAAGACTCTGAAC-1,2
CGAAGACTGACGAG-1,2
CGAAGACTGTTGTG-1,2
CGAAGACTTACTCT-1,2
CGAAGACTTCGCTC-1,1
CGAAGGGAAGTAGA-1,2
CGAAGGGAATCTTC-1,2
CGAAGGGAGGATCT-1,1
CGAAGGGATAGCCA-1,1
CGAAGTACCGTACA-1,2
CGAATCGAAAGAAC-1,2
CGAATCGACCCTCA-1,2
CGAATCGAGCTATG-1,1
CGAATCGATGTGCA-1,1
CGACAAACCATACG-1,2
CGACCACTGGTACT-1,1
CGACCGGACCGCTT-1,1
CGACCTACAAAAGC-1,1
CGACCTACTGCAGT-1,1
CGACCTTGATTCTC-1,2
CGACCTTGGAAGGC-1,1
CGACGTCTTCAAGC-1,2
CGACGTCTTCACCC-1,2
CGACTCACCCTATT-1,2
CGACTCACGAGGCA-1,1
CGACTCACGGTTTG-1,1
CGACTGCTAGGAGC-1,1
CGACTGCTAGTGTC-1,1
CGACTGCTGTAGGG-1,1
CGACTGCTTGAGGG-1,2
CGAGAACTGACGGA-1,1
CGAGAACTTATTCC-1,2
CGAGAACTTGCGTA-1,1
CGAGAACTTTTACC-1,1
CGAGATTGCCCAAA-1,1
CGAGATTGCTAGAC-1,1
CGAGATTGTGGTCA-1,1
CGAGCCGAAGTCAC-1,1
CGAGCCGATTCAGG-1,1
CGAGCGTGCCTAAG-1,1
CGAGGAGAAGAAGT-1,2
CGAGGAGACCAAGT-1,1
CGAGGAGATTCTCA-1,2
CGAGGCACATGCCA-1,2
CGAGGCACCCATAG-1,2
CGAGGCTGCATTGG-1,2
CGAGGCTGTCGCCT-1,1
CGAGGCTGTGCTGA-1,1
CGAGGGCTCAAAGA-1,1
CGAGGGCTGTCTAG-1,2
CGAGTATGAGAACA-1,1
CGAGTATGGGAAGC-1,2
CGATACGAGCTACA-1,1
CGATACGATCAAGC-1,1
CGATACGATCTATC-1,2
CGATAGACGTTACG-1,1
CGATCAGAAGCAAA-1,1
CGATCAGAAGCTAC-1,2
CGATCCACGGTCTA-1,2
CGCAACCTTTGAGC-1,1
CGCACGGAAGAGGC-1,2
CGCACGGAGCTAAC-1,1
CGCACGGAGGGATG-1,1
CGCACTACCTGACA-1,2
CGCACTTGTTCTTG-1,2
CGCAGGACCCACCT-1,2
CGCAGGACTCGCCT-1,2
CGCATAGAACCAAC-1,1
CGCCATACACTCAG-1,2
CGCCATACGCTACA-1,2
CGCCATTGGCCATA-1,2
CGCCATTGGTTGTG-1,2
CGCCGAGAAGATGA-1,1
CGCGAGACGGACTT-1,2
CGCGAGACTCCCAC-1,2
CGCGATCTTGAGCT-1,2
CGCGGATGACCAGT-1,2
CGCGGATGCCTTCG-1,1
CGCGGATGGGCGAA-1,2
CGCGGATGTGCCCT-1,2
CGCTAAGAGGAACG-1,1
CGCTACACGGAAGC-1,1
CGCTACACTTATCC-1,2
CGCTACACTTGTCT-1,2
CGCTACTGAGCTCA-1,1
CGCTACTGCCCAAA-1,2
CGCTACTGTATGCG-1,2
CGCTCATGCTCATT-1,1
CGGAATTGGTAAGA-1,1
CGGACCGATAAAGG-1,1
CGGACCGATGCCTC-1,2
CGGACCGATTCTCA-1,2
CGGACTCTAGTACC-1,1
CGGACTCTATCGTG-1,2
CGGACTCTGTCACA-1,2
CGGACTCTTTTGGG-1,2
CGGATAACATTTCC-1,1
CGGATAACGTCGTA-1,2
CGGCACGAATCGAC-1,2
CGGCACGACCTCGT-1,1
CGGCACGATGGATC-1,2
CGGCATCTCTTACT-1,2
CGGCATCTGCAGTT-1,2
CGGCATCTGCTTAG-1,1
CGGCATCTTCGATG-1,2
CGGCCAGAAGCCAT-1,1
CGGCCAGAGTTCGA-1,2
CGGCGAACCAAAGA-1,1
CGGCGAACCCACAA-1,2
CGGCGAACGTCTGA-1,2
CGGCGATGCTCGAA-1,1
CGGGACTGACCTTT-1,1
CGGGACTGGCCTTC-1,2
CGGGACTGTGTGGT-1,2
CGGGCATGCCGATA-1,2
CGGGCATGGGAAGC-1,2
CGGGCATGGGTAAA-1,2
CGGTAAACGGTGGA-1,2
CGGTAAACTCACCC-1,1
CGGTAAACTTACTC-1,2
CGGTACCTTTTACC-1,2
CGTAACGACCTTTA-1,2
CGTAACGACGAGAG-1,2
CGTAACGATGTAGC-1,2
CGTACCACCTACCC-1,2
CGTACCTGGCGAAG-1,1
CGTAGCCTACAGTC-1,1
CGTAGCCTAGCGGA-1,1
CGTAGCCTCCTAAG-1,1
CGTAGCCTTACTCT-1,1
CGTCAAGACATACG-1,1
CGTCAAGACTAGTG-1,1
CGTCAAGAGTTCAG-1,2
CGTCAAGATGGAAA-1,2
CGTCCAACAAGATG-1,1
CGTCCAACGGCATT-1,2
CGTCCATGCGTTAG-1,1
CGTCCATGTCTTCA-1,2
CGTCCATGTGAAGA-1,1
CGTCGACTGATAAG-1,2
CGTGAAACTACGCA-1,1
CGTGAATGAGCCTA-1,1
CGTGAATGCCAACA-1,1
CGTGAATGCTGTAG-1,2
CGTGAATGTGGTCA-1,2
CGTGATGACAAAGA-1,2
CGTGATGACCATAG-1,2
CGTGATGACTGAGT-1,2
CGTGATGAGGGTGA-1,1
CGTGCACTTGAAGA-1,2
CGTTAGGACTCGAA-1,2
CGTTATACGAGGAC-1,2
CGTTATACGCTCCT-1,2
CGTTATACGTAAAG-1,1
CGTTTAACCAATCG-1,1
CGTTTAACCATTCT-1,2
CGTTTAACGGTATC-1,1
CGTTTAACTTACTC-1,2
CTAAACCTCGTAGT-1,2
CTAACACTAAGCAA-1,1
CTAACACTAGTAGA-1,2
CTAACACTGTAGCT-1,2
CTAACGGACAATCG-1,1
CTAACGGACAGTTG-1,1
CTAACGGAGGAGTG-1,1
CTAACGGAGTCGTA-1,1
CTAACGGATGTTCT-1,1
CTAAGGACGAAGGC-1,2
CTAAGGACGGATTC-1,1
CTAAGGTGACGACT-1,1
CTAAGGTGCAGAGG-1,2
CTAAGGTGCCTTTA-1,2
CTAAGGTGCGTAAC-1,2
CTAAGGTGGTCCTC-1,1
CTAAGGTGGTGTTG-1,1
CTAAGGTGTACGAC-1,2
CTAATAGAAGCCAT-1,2
CTAATAGAATCGGT-1,2
CTAATAGATAGTCG-1,1
CTAATGCTATTCTC-1,1
CTAATGCTCAGTTG-1,2
CTACAACTAACCAC-1,2
CTACAACTTTCTAC-1,1
CTACCTCTCGCAAT-1,1
CTACCTCTTCACCC-1,2
CTACGCACGAGACG-1,2
CTACGCACTCGCAA-1,2
CTACGGCTACTGTG-1,2
CTACGGCTCGCATA-1,1
CTACGGCTGGGTGA-1,1
CTACTATGACGGAG-1,1
CTACTATGCACAAC-1,2
CTACTATGCATACG-1,2
CTACTCCTATGACC-1,1
CTACTCCTCTGAGT-1,2
CTACTCCTTCTCAT-1,2
CTAGAGACCCCGTT-1,2
CTAGAGACCCTCAC-1,1
CTAGAGACTATGGC-1,2
CTAGAGACTCGTTT-1,2
CTAGATCTGTACGT-1,2
CTAGGATGCGAACT-1,2
CTAGGATGCTTCTA-1,1
CTAGGATGGGTGGA-1,1
CTAGGATGTGTTCT-1,1
CTAGGCCTAGAACA-1,1
CTAGGCCTCGTGTA-1,1
CTAGGTGAGGCATT-1,1
CTAGGTGATTCTTG-1,2
CTAGGTGATTTCAC-1,2
CTAGTTACTTCATC-1,2
CTAGTTTGACTGTG-1,2
CTAGTTTGATTCCT-1,2
CTATAAGAATTCCT-1,2
CTATAAGAGAGGGT-1,1
CTATACTGCGCTAA-1,2
CTATACTGTCGCAA-1,2
CTATAGCTTCCTTA-1,1
CTATCATGGAACCT-1,2
CTATCATGTTACTC-1,2
CTATCCCTACTGTG-1,2
CTATCCCTATTTCC-1,1
CTATCCCTCCTAAG-1,1
CTATCCCTGGCAAG-1,2
CTATCCCTTGCAGT-1,2
CTATGTACACTCAG-1,2
CTATGTTGACCTCC-1,1
CTATTGACGCTATG-1,1
CTATTGACTTCATC-1,2
CTATTGTGCATTGG-1,2
CTCAATTGAAACAG-1,2
CTCAATTGCTACGA-1,2
CTCAATTGGACTAC-1,2
CTCAATTGTGACAC-1,1
CTCAGAGAGAGATA-1,2
CTCAGCACCATGAC-1,1
CTCAGCACTCGCCT-1,2
CTCAGCTGAGCAAA-1,1
CTCAGCTGTGTCGA-1,2
CTCAGGCTGGTTTG-1,1
CTCATTGACAGGAG-1,2
CTCCACGACCTTCG-1,1
CTCCATCTACAGCT-1,2
CTCCATCTATCGTG-1,1
CTCCATCTGCATCA-1,1
CTCCATCTGTAGCT-1,2
CTCCGAACATTCCT-1,2
CTCCGAACGAATAG-1,2
CTCCGAACGGGTGA-1,2
CTCCGAACGTTCGA-1,1
CTCCTACTCTGCAA-1,2
CTCCTACTGTTACG-1,1
CTCGACACTCAAGC-1,1
CTCGACACTGGTAC-1,2
CTCGACTGACGGTT-1,1
CTCGACTGACTGGT-1,2
CTCGACTGTAACGC-1,1
CTCGACTGTACTGG-1,1
CTCGAGCTTGCGTA-1,1
CTCGCATGCCTCCA-1,2
CTCGCATGCTCTTA-1,2
CTCGCATGGTCCTC-1,1
CTCGCATGTGACAC-1,1
CTCTAAACACGTAC-1,1
CTCTAAACGACGTT-1,1
CTCTAAACGTGAGG-1,1
CTCTAATGTCTCAT-1,1
CTGAACGAGTCACA-1,1
CTGAACGAGTCTTT-1,2
CTGAACGATAGACC-1,1
CTGAAGACCCTATT-1,1
CTGAAGACGAGCAG-1,2
CTGAAGACGCTGAT-1,1
CTGAAGACGTATCG-1,1
CTGAAGTGACTACG-1,1
CTGAAGTGCCAAGT-1,1
CTGAAGTGGGTAGG-1,2
CTGAAGTGTTATCC-1,1
CTGAATCTGCAGTT-1,2
CTGAATCTGGCATT-1,1
CTGAATCTGGTCTA-1,2
CTGACCACAAAACG-1,2
CTGACCACACGCTA-1,2
CTGACCACTCCCAC-1,2
CTGAGAACCTATTC-1,2
CTGAGCCTACCTAG-1,1
CTGAGCCTGCGGAA-1,2
CTGAGCCTGGTTCA-1,1
CTGAGCCTTGGGAG-1,1
CTGATGGAACGACT-1,1
CTGATGGAAGGGTG-1,1
CTGATGGACGTCTC-1,2
CTGATGGAGGTCTA-1,1
CTGATTTGTTCTGT-1,2
CTGCAGCTGACAGG-1,1
CTGCCAACGAACCT-1,1
CTGCCAACTCCTTA-1,2
CTGCGACTTTCTTG-1,2
CTGGAAACAACTGC-1,2
CTGGAAACCGGAGA-1,1
CTGGAAACGCTGAT-1,1
CTGGAAACGTTGGT-1,1
CTGGATGAAGTAGA-1,1
CTGGATGACACTGA-1,2
CTGGCACTTGCTAG-1,1
CTGTATACAGCATC-1,1
CTGTATACCTGTGA-1,1
CTTAAAGAACGACT-1,1
CTTAAAGACAAGCT-1,2
CTTAAAGAGTACCA-1,2
CTTAAAGATAGAAG-1,1
CTTAAAGATCCCGT-1,1
CTTAAAGATGCAGT-1,2
CTTAACACAATCGC-1,2
CTTAACACATGTGC-1,1
CTTAACACGCAGTT-1,1
CTTAAGCTAGCCTA-1,2
CTTAAGCTGCAGTT-1,1
CTTACAACGGAGTG-1,1
CTTACAACTAAGCC-1,1
CTTACATGAAACGA-1,2
CTTACTGATCTACT-1,2
CTTAGACTACGCTA-1,1
CTTAGACTATTTCC-1,1
CTTAGACTTGCTCC-1,1
CTTAGACTTGGGAG-1,1
CTTATCGATGTTCT-1,1
CTTCACCTGGGACA-1,2
CTTCATGAATGACC-1,2
CTTCATGATGGTCA-1,2
CTTCTAGAACCAGT-1,1
CTTCTAGAAGTCTG-1,1
CTTCTAGACCGTTC-1,2
CTTCTAGACTTGAG-1,1
CTTCTAGAGCCAAT-1,1
CTTGAACTACGACT-1,2
CTTGAACTCATTGG-1,1
CTTGAGGACAGAGG-1,1
CTTGATTGGACACT-1,2
CTTGATTGTCTCCG-1,1
CTTGATTGTTCTAC-1,1
CTTTACGAACGCAT-1,2
CTTTACGACCGCTT-1,1
CTTTAGACACGCTA-1,2
CTTTAGACTCTCGC-1,2
CTTTAGTGATCGTG-1,2
CTTTCAGAATGACC-1,1
CTTTCAGAGAGACG-1,1
CTTTGATGGGCATT-1,1
GAAACCTGCGTTGA-1,2
GAAACCTGGTTAGC-1,2
GAAAGATGACCTGA-1,1
GAAAGATGCAACTG-1,1
GAAAGATGCTCGAA-1,2
GAAAGCCTTAAGCC-1,1
GAAAGTGACTCCCA-1,2
GAAATACTACCTGA-1,1
GAAATACTGTTGCA-1,2
GAACACACATTTCC-1,2
GAACACACGCTACA-1,2
GAACACACGGATCT-1,2
GAACACACTGCTCC-1,1
GAACAGCTAACCAC-1,2
GAACAGCTCACCAA-1,2
GAACAGCTGACAAA-1,1
GAACCAACCCTCGT-1,2
GAACGGGACCATGA-1,1
GAACGTTGCGTTGA-1,2
GAACGTTGCTCAGA-1,2
GAACTGTGGGTAAA-1,2
GAACTGTGGTTAGC-1,2
GAAGATGAACAGCT-1,2
GAAGATGAACCGAT-1,2
GAAGCGGACTCTTA-1,1
GAAGCGGAGGTCTA-1,1
GAAGCTACGAATCC-1,1
GAAGCTTGACTTTC-1,1
GAAGCTTGGCTCCT-1,2
GAAGCTTGTGCCCT-1,2
GAAGGGTGACAGTC-1,2
GAAGGGTGCACAAC-1,2
GAAGGGTGCTACGA-1,2
GAAGGGTGCTTAGG-1,2
GAAGGGTGGTATCG-1,1
GAAGGTCTACCCAA-1,1
GAAGGTCTCAGATC-1,2
GAAGGTCTCCCACT-1,2
GAAGGTCTCTCAAG-1,2
GAAGGTCTCTCAGA-1,1
GAAGGTCTTCAAGC-1,2
GAAGTAGACATCAG-1,1
GAAGTAGACCCTTG-1,1
GAAGTCACCGTACA-1,2
GAAGTCACGGAAGC-1,1
GAAGTCACGTTACG-1,1
GAAGTCACTACGCA-1,2
GAAGTCTGCACACA-1,1
GAAGTCTGCGACAT-1,2
GAAGTCTGGCCTTC-1,1
GAAGTGCTGCCATA-1,2
GAAGTGCTGGAGCA-1,1
GAAGTGCTGGTAGG-1,1
GAAGTGCTTCCGAA-1,2
GAAGTGCTTGGAGG-1,1
GAAGTGCTTTACTC-1,1
GAATGCACACTACG-1,1
GAATGCTGGGAGGT-1,2
GAATGGCTAGGAGC-1,2
GAATGGCTGGTAAA-1,2
GACAACACAACGAA-1,1
GACAACACACTACG-1,2
GACAACACCGATAC-1,1
GACAACACGCGATT-1,2
GACAACACGCGTAT-1,2
GACAACACGGAGCA-1,2
GACAACTGACGACT-1,1
GACAACTGATTGGC-1,1
GACAACTGCCACAA-1,1
GACAACTGCGAGAG-1,1
GACAACTGGTACCA-1,2
GACACTGATTACTC-1,2
GACAGGGAGCATCA-1,2
GACAGGGAGGTCTA-1,2
GACAGGGATGGAGG-1,2
GACAGTACACCAAC-1,1
GACAGTACGGCATT-1,1
GACAGTACTAAAGG-1,2
GACAGTTGACGCAT-1,2
GACAGTTGCAGTTG-1,1
GACAGTTGTCAGTG-1,2
GACATTCTCGATAC-1,1
GACATTCTGCCAAT-1,1
GACATTCTTGAAGA-1,2
GACATTCTTGCTCC-1,2
GACCAAACACCACA-1,1
GACCAAACCAACCA-1,1
GACCAAACGGAAGC-1,2
GACCAAACTACTCT-1,1
GACCATGAAGGGTG-1,1
GACCATGACCATAG-1,2
GACCATGACCATGA-1,1
GACCATGAGAAAGT-1,1
GACCCTACACCAAC-1,2
GACCCTACCTCTTA-1,2
GACCCTACTTTGGG-1,1
GACCTAGAAACTGC-1,1
GACCTAGAAGCTAC-1,1
GACCTCACCGTGAT-1,1
GACCTCTGGCTAAC-1,1
GACGAACTTAGTCG-1,1
GACGATTGATGTGC-1,2
GACGATTGTCCTGC-1,1
GACGCCGACCAATG-1,2
GACGCCGATTTCAC-1,1
GACGCTCTCCTTCG-1,1
GACGGCACGAATCC-1,2
GACGTAACGCAGAG-1,2
GACGTATGTTATCC-1,1
GACGTCCTGAGAGC-1,2
GACGTCCTGGAAGC-1,1
GACTCCTGGGTCAT-1,2
GACTGAACAGAGAT-1,2
GACTGAACCTTCTA-1,2
GACTGAACCTTTAC-1,2
GACTGAACGATAGA-1,1
GACTGATGATGCCA-1,1
GACTGATGTCGCCT-1,1
GACTTTACACCAGT-1,1
GAGAAATGAGCGTT-1,1
GAGAAATGGAACTC-1,1
GAGAAATGTAGAGA-1,2
GAGAGGTGCGACTA-1,2
GAGAGGTGGTGTCA-1,1
GAGAGGTGTCGTGA-1,2
GAGATCACATTGGC-1,2
GAGATCACTCCTGC-1,2
GAGATCACTGAGAA-1,1
GAGATCACTGCCTC-1,2
GAGATGCTCCGTTC-1,1
GAGATGCTCGAGTT-1,2
GAGCAGGACTCAAG-1,2
GAGCAGGAGAGGCA-1,2
GAGCAGGAGCGTTA-1,2
GAGCGAGAGGACTT-1,2
GAGCGCACAGAAGT-1,2
GAGCGCACCTGTCC-1,1
GAGCGCTGGGCAAG-1,1
GAGCGCTGTGGTCA-1,2
GAGCGGCTTGCTTT-1,2
GAGCTCCTACCCTC-1,1
GAGCTCCTGTCGAT-1,2
GAGGATCTCTTCGC-1,2
GAGGCAGACGTAAC-1,2
GAGGCCACGGAACG-1,2
GAGGGAACATTCCT-1,1
GAGGGAACTTCGTT-1,2
GAGGGCCTACCCTC-1,1
GAGGGTGAGAGGTG-1,1
GAGGTACTATCACG-1,1
GAGGTACTTAAGCC-1,1
GAGGTACTTGTTTC-1,2
GAGGTGGACTCTTA-1,2
GAGGTGGATAGAAG-1,2
GAGGTGGATCCTGC-1,1
GAGGTGGATCTAGG-1,2
GAGGTGGATGCTGA-1,1
GAGGTTACCTGAAC-1,1
GAGGTTACTACTCT-1,1
GAGGTTACTCCCGT-1,2
GAGGTTACTGCACA-1,2
GAGGTTACTGCCCT-1,1
GAGTAAGACGGGAA-1,2
GAGTAAGATCATTC-1,2
GAGTACACCCGCTT-1,2
GAGTACACCCTCGT-1,1
GAGTACACTCGATG-1,1
GAGTACACTGCCCT-1,1
GAGTACTGGGTTAC-1,1
GAGTACTGTGCTTT-1,1
GAGTCAACTTCACT-1,1
GAGTCAACTTCGTT-1,1
GAGTCTGAGTCGTA-1,1
GAGTGACTGCCAAT-1,2
GAGTGACTGGTGTT-1,2
GAGTGGGAATTGGC-1,2
GAGTGGGAGGATCT-1,2
GAGTTGTGAAGAGT-1,2
GAGTTGTGCCCTTG-1,1
GAGTTGTGGAGCAG-1,1
GATAAGGAACACCA-1,1
GATAATACAGACTC-1,2
GATAATACCTAGCA-1,1
GATAATACTCCGTC-1,2
GATACTCTTAACGC-1,2
GATACTCTTCGATG-1,1
GATAGAGAACGTTG-1,2
GATAGAGAGTCACA-1,1
GATAGCACCGTGAT-1,2
GATAGCACGGGATG-1,2
GATAGCACGGTCAT-1,1
GATAGCACGGTTAC-1,2
GATATATGACGCTA-1,1
GATATATGATCTCT-1,2
GATATATGGACTAC-1,2
GATATATGGATAAG-1,1
GATATCCTCACTAG-1,1
GATATTGAAGTCAC-1,1
GATATTGAGGCAAG-1,2
GATATTGATCGATG-1,1
GATATTGATGACCA-1,2
GATATTGATGGCAT-1,1
GATCATCTGTGCTA-1,2
GATCATCTTTGGCA-1,2
GATCCCTGTGCATG-1,2
GATCCCTGTTGCGA-1,1
GATCCGCTAAAACG-1,1
GATCCGCTCAGAGG-1,1
GATCGAACAAGTGA-1,1
GATCGATGGGTCTA-1,2
GATCGATGGTCACA-1,2
GATCGTGAAGTGTC-1,2
GATCTACTGAGGAC-1,2
GATCTTACTACGCA-1,2
GATCTTTGCGGTAT-1,1
GATGACACAAAACG-1,2
GATGACACGGACAG-1,2
GATGCAACAGATGA-1,1
GATGCAACCTAGAC-1,1
GATGCAACCTTACT-1,2
GATGCAACGTACAC-1,2
GATGCATGAATGCC-1,2
GATGCATGACTCTT-1,1
GATGCATGGCCCTT-1,2
GATGCCCTATAAGG-1,2
GATGCCCTGAATCC-1,2
GATGCCCTGCCAAT-1,1
GATGCCCTGGAAAT-1,1
GATTACCTGAGGTG-1,1
GATTACCTGCCTTC-1,1
GATTACCTTGAAGA-1,1
GATTCGGAAGAACA-1,1
GATTCGGATCACGA-1,1
GATTCGGATGAAGA-1,2
GATTCGGATTTCAC-1,2
GATTCTACCCTCAC-1,1
GATTCTACGGTGTT-1,2
GATTCTTGAAGCCT-1,2
GATTCTTGCACACA-1,2
GATTCTTGCTGAGT-1,1
GATTCTTGTGACAC-1,2
GATTGGACATTCGG-1,1
GATTGGACCGCCTT-1,1
GATTGGACCTTAGG-1,2
GATTGGACGCAGTT-1,1
GATTGGACGTAAGA-1,1
GATTGGACTTGACG-1,2
GATTGGTGTCGCTC-1,2
GATTGGTGTGCTCC-1,1
GATTTGCTCCATAG-1,1
GATTTGCTGGAAAT-1,2
GCAACCCTCTTTAC-1,1
GCAACCCTTACTCT-1,1
GCAACCCTTTCCGC-1,2
GCAACTGAGGGACA-1,1
GCAAGACTAAGATG-1,1
GCAAGACTCGCTAA-1,2
GCAAGACTCTTGCC-1,2
GCAAGACTGCGATT-1,1
GCAAGACTTAAAGG-1,1
GCAAGACTTGCATG-1,1
GCAATCGATCCCGT-1,2
GCAATCGATGTCTT-1,1
GCAATTCTAACGAA-1,1
GCAATTCTCCAATG-1,2
GCAATTCTCGATAC-1,1
GCAATTCTGCTAAC-1,2
GCAATTCTTCTTAC-1,1
GCACAAACTCTCTA-1,1
GCACAATGAGTGTC-1,1
GCACAATGGGGATG-1,2
GCACACCTACACCA-1,1
GCACACCTACGTAC-1,1
GCACACCTCTTGGA-1,1
GCACCACTCCATAG-1,2
GCACCACTTAGCCA-1,1
GCACCTACCAGCTA-1,2
GCACCTACCCACAA-1,1
GCACCTTGGAGGGT-1,2
GCACGGACCAGGAG-1,1
GCACGGACCGTGTA-1,1
GCACGGACTCTACT-1,2
GCACGGTGAAACGA-1,2
GCACGGTGACGCTA-1,1
GCACGGTGATTCCT-1,2
GCACGGTGATTCGG-1,2
GCACGGTGCAGGAG-1,2
GCACGGTGCGCTAA-1,2
GCACTAGACTTATC-1,1
GCAGATACACACAC-1,1
GCAGATACTGCTGA-1,1
GCAGATACTTCTGT-1,2
GCAGCCGACCGCTT-1,2
GCAGCCGACGTTAG-1,2
GCAGCCGATCGCAA-1,1
GCAGCGTGTGGTGT-1,2
GCAGCTCTGCTATG-1,2
GCAGCTCTTTCCGC-1,1
GCAGGCACGTCTTT-1,1
GCAGGGCTTCGTTT-1,1
GCAGGGCTTGGATC-1,2
GCAGTCCTAGTGCT-1,2
GCAGTTGAACTACG-1,2
GCAGTTGACCACCT-1,1
GCAGTTGACTTGAG-1,1
GCATCAGACCTCGT-1,2
GCATCAGAGAAACA-1,2
GCATCAGATCGCCT-1,2
GCATGATGAAGGGC-1,2
GCATGATGACCTGA-1,1
GCATGATGGCTACA-1,2
GCATGTGAGCTGAT-1,2
GCATGTGATGCATG-1,1
GCATTGGAAGCTAC-1,1
GCATTGGACATTCT-1,1
GCATTGGAGGCAAG-1,2
GCCAAAACACCAGT-1,1
GCCAAAACATCGAC-1,1
GCCAAAACCCAACA-1,2
GCCAAAACGTCTGA-1,1
GCCAAAACTCAGGT-1,2
GCCAAAACTGATGC-1,1
GCCAAATGGCCCTT-1,2
GCCAAATGGGTTTG-1,2
GCCAAATGTACGCA-1,1
GCCAACCTCAACCA-1,1
GCCAACCTTGGTTG-1,2
GCCAACCTTGTGAC-1,2
GCCACGGACTGTTT-1,1
GCCACGGATAAGGA-1,2
GCCACTACACGCAT-1,1
GCCACTACTAACCG-1,1
GCCATGCTCCGAAT-1,2
GCCATGCTCCTGAA-1,1
GCCATGCTCCTTCG-1,1
GCCATGCTCTCGCT-1,1
GCCCAACTCTAGAC-1,2
GCCCAGGAGACTAC-1,1
GCCCATACCCTCAC-1,2
GCCCATACGCATAC-1,2
GCCGACGAAAAGCA-1,2
GCCGACGACCCACT-1,2
GCCGAGTGCACTTT-1,1
GCCGAGTGCCTCCA-1,2
GCCGGAACCGGGAA-1,2
GCCGTACTAGGTTC-1,2
GCCGTACTCGCTAA-1,2
GCCGTACTTGAGAA-1,2
GCCGTACTTTTCAC-1,1
GCCTACACATCACG-1,1
GCCTACACGTTTGG-1,2
GCCTAGCTACGGGA-1,1
GCCTAGCTATCAGC-1,2
GCCTAGCTCAAGCT-1,2
GCCTAGCTGTGAGG-1,1
GCCTCAACCGCAAT-1,1
GCCTCATGATGTGC-1,2
GCCTCATGCCTCGT-1,1
GCCTCATGGCATCA-1,2
GCCTCATGGGTAAA-1,1
GCCTCATGTACTCT-1,2
GCCTGACTAGCCTA-1,2
GCGAAGGAGCGTTA-1,1
GCGAGAGACATTGG-1,1
GCGAGAGATGGTAC-1,1
GCGAGCACATTCGG-1,2
GCGAGCACTAGAAG-1,1
GCGAGCACTGCATG-1,1
GCGATATGCTGATG-1,1
GCGATATGGACGTT-1,2
GCGATATGGTCAAC-1,2
GCGATATGGTGCTA-1,1
GCGATATGTGTCCC-1,1
GCGATATGTTCCAT-1,1
GCGCACGAAAGAAC-1,1
GCGCACGACTGATG-1,1
GCGCACGATGCTCC-1,1
GCGCATCTCGCAAT-1,2
GCGCATCTGCCATA-1,1
GCGCGAACGGTCTA-1,1
GCGCGATGCCACCT-1,2
GCGCGATGCCGTAA-1,1
GCGCGATGCCTCAC-1,2
GCGGACTGAACCGT-1,2
GCGGACTGCCTTGC-1,2
GCGGCAACGAACTC-1,1
GCGGGACTCCTGAA-1,1
GCGGGACTGTGTAC-1,2
GCGGGACTGTTTGG-1,1
GCGTAAACGGTTAC-1,1
GCGTAAACTGGCAT-1,1
GCGTAATGCTGCAA-1,2
GCGTAATGGGGTGA-1,2
GCGTAATGTCTTTG-1,1
GCGTACCTATGTGC-1,2
GCGTACCTCTGGTA-1,2
GCGTACCTGACGAG-1,2
GCGTACCTGGTTTG-1,2
GCGTATGAAACTGC-1,1
GCGTATGACAGAGG-1,2
GCGTATGACCTTGC-1,2
GCGTATGAGACAAA-1,2
GCGTATGATTGCTT-1,1
GCTACAGACACTAG-1,2
GCTACAGATGTTTC-1,2
GCTACAGATTGCGA-1,1
GCTACCTGATGCCA-1,1
GCTACCTGCTGTAG-1,1
GCTACGCTGTGTAC-1,1
GCTAGAACCATTCT-1,1
GCTAGAACCCATAG-1,2
GCTAGAACGAGCAG-1,1
GCTAGAACGCGATT-1,1
GCTAGATGACACCA-1,2
GCTAGATGCCGATA-1,2
GCTAGATGCGACAT-1,2
GCTAGATGGGGTGA-1,1
GCTAGATGTCTATC-1,2
GCTATACTCACCAA-1,2
GCTCAAGACGACTA-1,2
GCTCAGCTCCATGA-1,1
GCTCAGCTGGAGTG-1,1
GCTCAGCTGTCAAC-1,2
GCTCCATGTGTCCC-1,2
GCTCGACTTTCGCC-1,1
GCTGATGATGGTTG-1,2
GCTGATGATTAGGC-1,2
GCTTAACTCTTTAC-1,2
GCTTAACTGAATAG-1,1
GCTTAACTTGCTTT-1,2
GCTTGAGATGCGTA-1,2
GGAACACTCATGCA-1,2
GGAACTTGAAGGGC-1,2
GGAACTTGTCCTTA-1,2
GGAAGGACCGTGTA-1,2
GGAAGGACTCCTGC-1,1
GGAAGGTGACAGCT-1,2
GGAAGGTGACGTAC-1,1
GGAAGGTGGTTACG-1,1
GGAATCTGTACTGG-1,2
GGAATGCTACGCAT-1,1
GGAATGCTTATCGG-1,2
GGACAACTCACCAA-1,2
GGACAACTCCAACA-1,2
GGACAACTCTGGAT-1,2
GGACAGGAAGGTCT-1,1
GGACAGGAAGTCGT-1,1
GGACAGGACTCTCG-1,2
GGACATTGCCTATT-1,2
GGACCCGAAGTCAC-1,1
GGACCCGACGGAGA-1,1
GGACCGTGCGATAC-1,2
GGACCGTGCTTATC-1,1
GGACCGTGGACGGA-1,2
GGACCTCTAACTGC-1,2
GGACGAGAAGCGTT-1,2
GGACGAGAGACAGG-1,1
GGACGCACCACTAG-1,1
GGACGCACCATGCA-1,1
GGACGCACGCTGTA-1,2
GGACGCACTCGTTT-1,1
GGACGCTGACCTTT-1,1
GGACGCTGATTCGG-1,1
GGACGCTGGATAAG-1,1
GGACGCTGGTCAAC-1,2
GGACTATGATACCG-1,1
GGACTATGCCTGTC-1,1
GGACTATGTCCCAC-1,1
GGACTATGTCTAGG-1,2
GGAGACGAACACTG-1,2
GGAGAGACAGATGA-1,2
GGAGAGACGCAGTT-1,2
GGAGCCACCATCAG-1,1
GGAGCGCTACACAC-1,2
GGAGCGCTCGACAT-1,1
GGAGCGCTTGAGAA-1,2
GGAGGCCTTCCTCG-1,1
GGAGGCCTTCTACT-1,2
GGAGGCCTTGCGTA-1,1
GGAGGTGAGCGTAT-1,1
GGAGTTACCATGGT-1,1
GGAGTTACTATTCC-1,1
GGAGTTACTCCTCG-1,1
GGAGTTACTTCCGC-1,1
GGAGTTTGAGTGCT-1,2
GGAGTTTGCCCAAA-1,2
GGATACTGAGCCTA-1,2
GGATACTGGAGAGC-1,2
GGATACTGTTGTCT-1,1
GGATAGCTCAGATC-1,2
GGATAGCTGAACCT-1,1
GGATAGCTTCGACA-1,2
GGATGTACGTGCAT-1,1
GGATGTTGAACGAA-1,2
GGATTGTGTCCTAT-1,2
GGATTTCTTCCAGA-1,1
GGCACTCTGGAAAT-1,2
GGCACTCTGGAACG-1,2
GGCACTCTGTTGGT-1,2
GGCATATGCTGGAT-1,2
GGCATATGGGTGAG-1,2
GGCATATGGTTAGC-1,1
GGCATATGTACTTC-1,2
GGCATATGTTACTC-1,1
GGCCACGAAGAACA-1,1
GGCCACGACCGATA-1,1
GGCCACGAGGTTAC-1,2
GGCCAGACAAAACG-1,1
GGCCAGACGTGCTA-1,2
GGCCAGACTATGCG-1,2
GGCCCAGAGCAGTT-1,1
GGCCCAGATGCCTC-1,2
GGCCGAACACGTGT-1,1
GGCCGAACAGTAGA-1,2
GGCCGAACGTCTTT-1,2
GGCCGATGAAGCCT-1,1
GGCCGATGATGACC-1,2
GGCGCATGAGCATC-1,2
GGCGCATGCGCTAA-1,1
GGCGCATGCTCATT-1,1
GGCGCATGGTTTGG-1,1
GGCGGACTTCCTAT-1,1
GGCGGACTTGATGC-1,2
GGCTAAACATCAGC-1,2
GGCTAAACGCCATA-1,2
GGCTAATGAGAAGT-1,1
GGCTAATGCTCTCG-1,2
GGCTAATGGGAGCA-1,1
GGCTAATGGTTGCA-1,1
GGCTACCTGACGTT-1,2
GGCTCACTCTCGCT-1,2
GGGAACGACAAAGA-1,1
GGGAAGACCGTGTA-1,2
GGGAAGACGAAACA-1,1
GGGAAGACGTCACA-1,1
GGGAAGACTGAACC-1,1
GGGAAGACTTCACT-1,2
GGGAAGTGAAAACG-1,1
GGGAAGTGATGTCG-1,2
GGGAAGTGGGCAAG-1,2
GGGAAGTGTAGAAG-1,1
GGGAAGTGTCTATC-1,1
GGGACCACCAGCTA-1,2
GGGACCTGGTCAAC-1,1
GGGACCTGTCGTAG-1,2
GGGATGGACCGAAT-1,1
GGGATGGACTGCTC-1,2
GGGATTACCCGTAA-1,1
GGGATTACGTAGCT-1,1
GGGCAAGAATCGGT-1,2
GGGCAAGACGAATC-1,2
GGGCAAGACGACAT-1,2
GGGCACACAGTACC-1,2
GGGCACACTGTAGC-1,2
GGGCAGCTCAGAAA-1,1
GGGCAGCTCTCAGA-1,1
GGGCAGCTCTCCAC-1,2
GGGCAGCTTTCTTG-1,2
GGGCCAACCGTAGT-1,2
GGGCCAACTACGCA-1,2
GGGCCATGGGAGTG-1,1
GGGCCATGGGCGAA-1,2
GGGTAACTATCACG-1,1
GGGTAACTCCTCAC-1,2
GGGTAACTGTGTTG-1,2
GGGTTATGCGGAGA-1,2
GGGTTATGTAGAGA-1,2
GGGTTATGTCGTGA-1,2
GGGTTATGTTGTGG-1,1
GGTAAAGACTGTCC-1,1
GGTAAAGAGTTAGC-1,1
GGTACATGGCTGTA-1,1
GGTACATGGGTTCA-1,1
GGTACATGTCGTTT-1,1
GGTACTGAAGCCAT-1,2
GGTACTGAGGTTAC-1,2
GGTACTGAGGTTTG-1,2
GGTACTGATTCCCG-1,2
GGTAGTACCTCGAA-1,2
GGTAGTACTGTCTT-1,2
GGTATCGATTTGTC-1,1
GGTATGACACCCAA-1,1
GGTATGACATCGAC-1,1
GGTATGACCGTGAT-1,1
GGTATGACGGTAAA-1,2
GGTATGACTGGAAA-1,1
GGTATGACTGTCGA-1,2
GGTCAAACGGAAGC-1,2
GGTCAAACTGTGGT-1,2
GGTCTAGAACTAGC-1,2
GGTCTAGATGGTCA-1,2
GGTCTAGATGGTGT-1,2
GGTGATACGACGAG-1,2
GGTGGAGACTCAGA-1,1
GGTTGAACGAAGGC-1,1
GGTTTACTACCTCC-1,2
GGTTTACTGGGATG-1,1
GGTTTACTTCCGAA-1,1
GTAACGTGACAGCT-1,1
GTAACGTGCTTATC-1,1
GTAACGTGGAAAGT-1,2
GTAAGCACAAAAGC-1,2
GTAAGCACATGGTC-1,2
GTAAGCACGCATCA-1,2
GTAAGCACTGACAC-1,2
GTAAGCACTTCATC-1,1
GTAAGCTGCCTGTC-1,2
GTAAGCTGGAATCC-1,2
GTAAGCTGGAGGTG-1,1
GTAATAACACGGGA-1,1
GTAATAACGAGGAC-1,2
GTAATAACTGCCTC-1,2
GTAATAACTGGAGG-1,2
GTAATATGGTTGTG-1,2
GTACCCTGGCTACA-1,1
GTACGAACCACCAA-1,2
GTACGAACCACTAG-1,2
GTACGAACTGCCAA-1,2
GTACGAACTGCTCC-1,1
GTACTTTGAGTACC-1,1
GTACTTTGCAGATC-1,1
GTACTTTGGGACAG-1,1
GTAGACTGCTCGCT-1,2
GTAGACTGTCCCAC-1,2
GTAGCAACGTGTTG-1,2
GTAGCAACGTTTGG-1,2
GTAGCAACTGACTG-1,2
GTAGCAACTGGAAA-1,2
GTAGCATGACAGCT-1,2
GTAGCATGGAACCT-1,2
GTAGCATGGCAGTT-1,1
GTAGCATGTGGATC-1,1
GTAGCCCTACTCAG-1,2
GTAGCCCTCTCCCA-1,2
GTAGCCCTTATTCC-1,2
GTAGCTGATTCATC-1,2
GTAGGTACACTACG-1,1
GTAGGTACCGTAGT-1,2
GTAGGTACTCTGGA-1,2
GTAGTCGAGGTTTG-1,2
GTAGTCGAGTATCG-1,1
GTAGTCGATGCTAG-1,1
GTAGTCGATGTCAG-1,2
GTAGTGACTCCAGA-1,1
GTAGTGTGCACTGA-1,2
GTAGTGTGGTCTAG-1,1
GTATCACTAACGGG-1,2
GTATCACTTCCTCG-1,2
GTATCTACAGTACC-1,2
GTATCTACTGAAGA-1,1
GTATCTACTTACTC-1,2
GTATGGTGAGATCC-1,2
GTATGGTGCGTAAC-1,1
GTATGGTGGTACGT-1,1
GTATTAGATCGCCT-1,1
GTATTCACATAAGG-1,2
GTATTCACTCATTC-1,1
GTCAACGACATTTC-1,1
GTCAACGAGGATCT-1,1
GTCAACGATGCAAC-1,2
GTCACAGACCACCT-1,1
GTCACAGATGTGCA-1,2
GTCATACTATCGGT-1,1
GTCATACTCAGTCA-1,1
GTCCAAGATAAGGA-1,2
GTCCAAGATTGTGG-1,2
GTCCACACAGAACA-1,2
GTCCACACCGTAAC-1,1
GTCCACACCTTCGC-1,2
GTCCACTGGGTCAT-1,1
GTCCACTGTATTCC-1,1
GTCCCATGCCAACA-1,1
GTCCCATGTGTCAG-1,2
GTCGAATGACACGT-1,2
GTCGAATGATTGGC-1,2
GTCGAATGTAAGGA-1,2
GTCGAATGTGCTTT-1,1
GTCGCACTATCGTG-1,1
GTCTAGGAGGAGCA-1,1
GTCTAGGAGGCATT-1,1
GTCTAGGATCGTGA-1,1
GTCTGAGACCAACA-1,2
GTCTGAGAGGACTT-1,2
GTGAACACAGCCTA-1,2
GTGAACACGAGGTG-1,1
GTGAGGGAAGGAGC-1,2
GTGATCGAACGTAC-1,2
GTGATCGAGAAGGC-1,2
GTGATCGATCCCGT-1,2
GTGCAAACAGCGGA-1,1
GTGCAAACCCCACT-1,2
GTGCAAACTGTTTC-1,2
GTGCCACTATCGGT-1,1
GTGCCACTCAACCA-1,2
GTGCCACTGGTAAA-1,2
GTGCCACTTACTCT-1,1
GTGCTAGAAAGGGC-1,2
GTGCTAGACTGATG-1,1
GTGCTAGATTCCCG-1,1
GTGGAGGACACAAC-1,2
GTGGAGGACTGTGA-1,2
GTGGAGGACTGTTT-1,1
GTGGTAACATAAGG-1,2
GTGGTAACGAATCC-1,2
GTGGTAACTAACCG-1,2
GTGGTAACTGCTGA-1,2
GTGTACGACGGTAT-1,1
GTGTACGAGTCCTC-1,2
GTGTACGATCACGA-1,2
GTGTACGATGTAGC-1,1
GTGTAGTGCTTCTA-1,2
GTGTAGTGGGGCAA-1,2
GTGTATCTAATGCC-1,2
GTGTATCTCGAGTT-1,2
GTGTATCTGACGTT-1,2
GTGTCAGACTACCC-1,1
GTGTGATGGGATTC-1,2
GTTAAAACGGCAAG-1,2
GTTAAAACGTAAAG-1,1
GTTAACCTTTGGTG-1,1
GTTACGGAATGACC-1,2
GTTACGGACCTGTC-1,2
GTTACGGAGCAGTT-1,2
GTTACGGATTGTCT-1,1
GTTACTACTCCAGA-1,1
GTTACTACTCTCTA-1,2
GTTACTACTTCGCC-1,1
GTTAGGTGGACGAG-1,1
GTTATAGACACAAC-1,2
GTTATAGACTGCTC-1,1
GTTATAGATGTAGC-1,1
GTTATCTGCGCAAT-1,1
GTTATCTGTACTCT-1,2
GTTATGCTCTCTCG-1,2
GTTATGCTGCTATG-1,2
GTTCAACTAGCTCA-1,2
GTTCAACTTCACCC-1,2
GTTCAACTTCGTGA-1,2
GTTCATACCACTTT-1,1
GTTCATACTACTTC-1,2
GTTCATACTGTAGC-1,1
GTTGACGATTTCGT-1,2
GTTGAGTGCCGTAA-1,1
GTTGAGTGGCCTTC-1,1
GTTGAGTGGGAAGC-1,2
GTTGAGTGTGGAAA-1,1
GTTGATCTCTTACT-1,1
GTTGATCTGTCTAG-1,2
GTTGATCTTCGTGA-1,1
GTTGGATGCCTCCA-1,2
GTTGGATGGCAAGG-1,1
GTTGGATGGTGCTA-1,2
GTTGTACTGGAAAT-1,2
GTTGTACTTTATCC-1,2
TAAACAACTCTTAC-1,1
TAAACAACTGGGAG-1,1
TAAAGACTACGGAG-1,2
TAAAGACTTACTTC-1,1
TAAAGTTGCTACTT-1,2
TAAAGTTGTCGCTC-1,1
TAAAGTTGTGAGCT-1,1
TAAATCGAAGTCTG-1,1
TAAATCGAGAATAG-1,1
TAAATGTGCTCCAC-1,2
TAAATGTGGTCATG-1,2
TAACAATGCTGCTC-1,1
TAACAATGTAGAGA-1,1
TAACAATGTCTTAC-1,1
TAACACCTACCTCC-1,2
TAACACCTCAGTCA-1,2
TAACACCTGTAAAG-1,2
TAACCGGAGTGCTA-1,2
TAACGTCTTGGTTG-1,1
TAACGTCTTGTCGA-1,2
TAACGTCTTTTCGT-1,2
TAACTAGAAGTCTG-1,2
TAACTAGACCTTTA-1,1
TAACTAGAGTATGC-1,2
TAACTAGATTGGTG-1,1
TAAGAGGAAAAGCA-1,2
TAAGAGGAAAGGTA-1,1
TAAGAGGACGACAT-1,1
TAAGAGGAGGAGTG-1,2
TAAGAGGATGCCTC-1,1
TAAGATACACCTTT-1,1
TAAGATACACTGGT-1,1
TAAGATACAGTCAC-1,2
TAAGATACCAACCA-1,1
TAAGATACTGGTCA-1,2
TAAGATTGCGTAAC-1,1
TAAGATTGTGGTCA-1,1
TAAGATTGTGTGCA-1,2
TAAGCTCTACACGT-1,1
TAAGCTCTTGCTAG-1,1
TAAGGCTGGACGAG-1,1
TAAGGGCTATGCTG-1,2
TAAGGGCTGTATGC-1,1
TAAGTAACGAGCAG-1,2
TAAGTCCTCCAACA-1,2
TAAGTCCTTAGCCA-1,1
TAATCCACTTGCTT-1,2
TAATCGCTCTGGTA-1,1
TAATGAACCCCACT-1,1
TAATGAACGCTTCC-1,1
TAATGAACGTAAGA-1,1
TAATGATGCCTTCG-1,1
TAATGATGCTAGAC-1,1
TAATGATGCTTGTT-1,1
TAATGATGTGCCCT-1,1
TAATGCCTCCATGA-1,2
TAATGCCTCTTATC-1,1
TAATGCCTTACTGG-1,1
TAATGTGACCAACA-1,2
TACACACTCTTAGG-1,2
TACACACTGGAAAT-1,2
TACACACTGGAGCA-1,2
TACACACTGGTGGA-1,1
TACACACTTGTCGA-1,1
TACATAGACGCATA-1,2
TACATAGAGCGAGA-1,2
TACATAGATTGTGG-1,1
TACATCACCTATGG-1,1
TACATCACGAGAGC-1,1
TACCATTGGAATAG-1,1
TACCATTGGGTACT-1,2
TACCATTGTGGCAT-1,2
TACCGAGATGCCCT-1,1
TACCGCTGCATACG-1,2
TACCGCTGCCGAAT-1,1
TACCGCTGCTTGAG-1,2
TACCGGCTGTGAGG-1,1
TACCGGCTTTGGTG-1,2
TACGACGACCCACT-1,1
TACGACGAGCCATA-1,2
TACGAGTGCACTTT-1,1
TACGAGTGTTAGGC-1,2
TACGATCTCTGCAA-1,1
TACGATCTGGATCT-1,2
TACGCAGACTGAAC-1,2
TACGCAGAGGTGAG-1,1
TACGCCACCAAGCT-1,1
TACGCCACTACGCA-1,2
TACGGAACCATGGT-1,2
TACGGCCTACACTG-1,2
TACGGCCTACTTTC-1,2
TACGGCCTGACTAC-1,2
TACGTACTACCAGT-1,2
TACGTACTCGATAC-1,1
TACGTACTGGACGA-1,1
TACGTACTGTTCTT-1,1
TACGTACTTTCTTG-1,2
TACGTTACATGACC-1,1
TACTACACCCATAG-1,2
TACTACTGGGAGCA-1,2
TACTACTGTTGACG-1,1
TACTCAACCTTGGA-1,2
TACTCAACGAATAG-1,2
TACTCCCTAGAGGC-1,1
TACTCCCTTCCCGT-1,1
TACTCTGATGTTTC-1,2
TACTTGACACCGAT-1,1
TACTTGACCTGGTA-1,2
TACTTGACGACGGA-1,1
TACTTTCTGACAGG-1,2
TACTTTCTTTTACC-1,2
TAGAAACTTAGACC-1,2
TAGAGAGAAAAAGC-1,1
TAGAGAGAGTTGCA-1,1
TAGAGCACATGCCA-1,2
TAGATCCTCGCATA-1,2
TAGATCCTCGCCTT-1,2
TAGATTGAGGCGAA-1,1
TAGATTGATCTAGG-1,2
TAGCATCTCGTGAT-1,2
TAGCATCTGTTAGC-1,1
TAGCATCTTCTAGG-1,2
TAGCCCACCAGCTA-1,2
TAGCCCACTAACCG-1,2
TAGCCCTGAAGCAA-1,1
TAGCCCTGCCATGA-1,2
TAGCCCTGCCTCCA-1,2
TAGCCCTGGATAGA-1,2
TAGCCCTGTCGATG-1,1
TAGCCGCTCATGAC-1,1
TAGCCGCTCTACGA-1,1
TAGCCGCTTGAACC-1,1
TAGCTACTCACACA-1,2
TAGCTACTGGACTT-1,1
TAGGACTGACTCTT-1,1
TAGGACTGGTAAAG-1,2
TAGGAGCTCCAACA-1,2
TAGGAGCTTAAAGG-1,2
TAGGAGCTTGACCA-1,1
TAGGCAACGATACC-1,1
TAGGCAACTAGCGT-1,1
TAGGCATGACACAC-1,1
TAGGCATGAGTTCG-1,2
TAGGCATGTCGTGA-1,1
TAGGCTGACTCAAG-1,2
TAGGCTGATGCGTA-1,1
TAGGGACTATAAGG-1,2
TAGGGACTCGACTA-1,2
TAGGTCGAAACGTC-1,2
TAGGTCGAAAGCAA-1,2
TAGGTCGAGACACT-1,2
TAGGTCGAGCGTAT-1,2
TAGGTGACCGATAC-1,2
TAGGTGACGCAGTT-1,1
TAGGTGACGGGATG-1,2
TAGGTGACTGACTG-1,2
TAGGTGACTGTCAG-1,2
TAGGTGTGAATGCC-1,2
TAGGTTCTACTAGC-1,1
TAGGTTCTATCAGC-1,1
TAGGTTCTGAGCTT-1,1
TAGGTTCTTCGCTC-1,2
TAGTAAACAAGGTA-1,1
TAGTAAACCTACGA-1,2
TAGTAAACGGTAAA-1,2
TAGTAATGCAAAGA-1,2
TAGTAATGGGGCAA-1,2
TAGTACCTAGCACT-1,2
TAGTACCTCAGAGG-1,2
TAGTACCTCCACAA-1,1
TAGTATGACACTAG-1,2
TAGTCACTCTGATG-1,1
TAGTCACTGCTATG-1,1
TAGTCACTTGCCAA-1,1
TAGTCGGAAGAGAT-1,1
TAGTCGGAGTTTCT-1,1
TAGTCTTGGGAGTG-1,1
TAGTCTTGTTGGTG-1,2
TAGTTAGACCCTAC-1,1
TAGTTCACACCTGA-1,1
TAGTTCACGTAAGA-1,2
TATAAGACCATCAG-1,1
TATAAGTGAGTCAC-1,2
TATAAGTGCACTTT-1,2
TATACAGAGTGTTG-1,1
TATACGCTCTTGGA-1,2
TATACGCTGGTAGG-1,1
TATACGCTTCCCGT-1,2
TATAGATGAGTGTC-1,1
TATAGCCTCCCACT-1,1
TATAGCCTCCTGTC-1,2
TATAGCCTGGGATG-1,1
TATCAAGAATTCCT-1,1
TATCAAGATCGCCT-1,1
TATCACTGAAAAGC-1,1
TATCACTGAAGATG-1,2
TATCACTGCGGAGA-1,2
TATCACTGTATTCC-1,2
TATCACTGTCTTCA-1,2
TATCAGCTGGTAGG-1,2
TATCAGCTGTCACA-1,2
TATCCAACTGCGTA-1,1
TATCCAACTTACTC-1,1
TATCCTGAAACCAC-1,2
TATCCTGATGTCGA-1,2
TATCCTGATGTGCA-1,1
TATCCTGATTTGCT-1,1
TATCGACTACTAGC-1,2
TATCGACTGGTGGA-1,1
TATCGACTTTCTCA-1,2
TATCGTACAACGAA-1,2
TATCGTACAGTCTG-1,2
TATCGTACTGACTG-1,1
TATCGTACTTCGTT-1,1
TATCTCGAAGTACC-1,1
TATCTCGACTCAAG-1,2
TATCTCGAGTAGGG-1,1
TATCTGACGGACTT-1,2
TATCTTCTAAACGA-1,2
TATCTTCTACCCAA-1,1
TATCTTCTACTACG-1,1
TATCTTCTCTACCC-1,1
TATCTTCTTAAGCC-1,2
TATCTTCTTCCTAT-1,1
TATGAATGCTCAGA-1,2
TATGAATGGAACCT-1,1
TATGAATGGACGTT-1,1
TATGAATGGCATCA-1,2
TATGAATGTCTCCG-1,2
TATGCGGAGGTGAG-1,1
TATGCGGATCAAGC-1,1
TATGGGACACGGTT-1,1
TATGGTCTAGTAGA-1,2
TATGGTCTATTGGC-1,2
TATGGTCTGCTAAC-1,2
TATGTCACCTGCAA-1,2
TATGTCTGAACCAC-1,1
TATGTCTGACCTCC-1,2
TATGTGCTGATAGA-1,2
TATTTCCTAGATCC-1,1
TCAAGGACAGAACA-1,1
TCAAGGACGAACCT-1,1
TCAAGGTGAAGTGA-1,2
TCAAGGTGACACAC-1,2
TCAAGGTGTCGATG-1,1
TCAAGTCTCTCATT-1,2
TCAAGTCTGACGTT-1,2
TCAAGTCTTGAACC-1,2
TCAAGTCTTGCAAC-1,2
TCAATAGAAGTACC-1,2
TCAATCACAAGGTA-1,2
TCAATCACAGTTCG-1,1
TCAATCACCCGTTC-1,2
TCAATCACGTTGGT-1,2
TCACAACTAGTGTC-1,1
TCACAACTGCGTAT-1,2
TCACATACAACCTG-1,2
TCACATACCGTGTA-1,1
TCACCCGACAGAAA-1,1
TCACCCGAGAAAGT-1,1
TCACCCGAGCGATT-1,2
TCACCCGATTCACT-1,2
TCACCGTGCCGTTC-1,1
TCACCGTGGGAGTG-1,2
TCACCTCTCGTTGA-1,1
TCACTATGACGCAT-1,1
TCACTATGGGAGCA-1,1
TCAGACGAGCGATT-1,1
TCAGAGACCTATGG-1,1
TCAGAGACGGACTT-1,1
TCAGAGACTTTCGT-1,2
TCAGCAGACAGCTA-1,1
TCAGCAGACGTACA-1,1
TCAGCAGACTTCCG-1,2
TCAGCGCTTGGAAA-1,1
TCAGGATGATCGTG-1,2
TCAGGATGGTGAGG-1,2
TCAGTACTAGATGA-1,2
TCAGTACTCCCGTT-1,2
TCAGTGGAATGCCA-1,1
TCAGTGGACTTACT-1,2
TCAGTTACGCTGAT-1,2
TCAGTTACTGCCAA-1,2
TCATCAACCACACA-1,2
TCATCAACGTTTCT-1,1
TCATCATGAAACAG-1,2
TCATCATGACTTTC-1,2
TCATCATGCAAGCT-1,1
TCATCATGCTGAAC-1,1
TCATCATGTCGCTC-1,2
TCATCATGTGCTAG-1,1
TCATCCCTCATTCT-1,2
TCATCCCTCGTGAT-1,1
TCATCCCTGCTACA-1,1
TCATCCCTTCCGTC-1,2
TCATTCGAACACCA-1,1
TCATTCGACAATCG-1,2
TCATTGACGATACC-1,2
TCCACGTGTTGACG-1,2
TCCACTCTAAGCCT-1,1
TCCACTCTACACAC-1,1
TCCACTCTTTGAGC-1,2
TCCAGAGAAGAGAT-1,1
TCCAGAGACAGTCA-1,1
TCCAGAGACTTCGC-1,1
TCCAGAGAGAAAGT-1,2
TCCAGAGAGTGTTG-1,1
TCCAGAGATTGCTT-1,2
TCCATAACCTAGCA-1,2
TCCATAACGTCAAC-1,1
TCCATCCTCCCTAC-1,1
TCCATCCTCGTACA-1,2
TCCATCCTGCGTAT-1,1
TCCATCCTGTAAAG-1,2
TCCCACGAAGCATC-1,2
TCCCACGACAGATC-1,1
TCCCACGACCGTTC-1,2
TCCCGATGGGTAAA-1,1
TCCCGATGTAGTCG-1,2
TCCCTACTGAGGAC-1,2
TCCGAAGATTGACG-1,2
TCCGAGCTCGACTA-1,2
TCCGAGCTCGATAC-1,2
TCCGAGCTGTTGCA-1,2
TCCGAGCTTACTCT-1,2
TCCGAGCTTCGCAA-1,1
TCCGAGCTTGACCA-1,2
TCCGGACTATAAGG-1,2
TCCGGACTTGGTAC-1,1
TCCTAAACACGCTA-1,1
TCCTAAACCGTGAT-1,2
TCCTAAACTTTCAC-1,2
TCCTAATGATTCGG-1,2
TCCTAATGTGGAAA-1,2
TCCTATGAACTGTG-1,2
TCCTATGAGATAAG-1,2
TCGAATCTAGAGTA-1,2
TCGAATCTTAGTCG-1,1
TCGACCTGAACAGA-1,1
TCGACCTGATGCCA-1,2
TCGACCTGGTTGCA-1,2
TCGACGCTACGTTG-1,2
TCGACGCTTGGAGG-1,1
TCGAGCCTAGAATG-1,2
TCGATACTACTCAG-1,2
TCGATTTGAGTGTC-1,2
TCGATTTGCAGCTA-1,2
TCGATTTGGCTTCC-1,2
TCGATTTGTTCGCC-1,2
TCGCAAGAAGTACC-1,2
TCGCAAGACCTGAA-1,2
TCGCAAGAGAATAG-1,1
TCGCACACGGCGAA-1,1
TCGCACTGCTGAAC-1,2
TCGCACTGTTCGGA-1,1
TCGCCATGAAGGTA-1,2
TCGCCATGACAGTC-1,2
TCGCCATGCACTTT-1,1
TCGCCATGGCATCA-1,2
TCGCCATGTAACGC-1,2
TCGGACCTGTGTCA-1,2
TCGGACCTTCAGGT-1,1
TCGGTAGAATCGTG-1,1
TCGGTAGAGGAGGT-1,2
TCGTGAGACACACA-1,1
TCGTGAGATTTGGG-1,1
TCGTTATGACCACA-1,1
TCGTTATGCATCAG-1,1
TCTAACACACCATG-1,1
TCTAACACGAACCT-1,1
TCTAACTGCAATCG-1,1
TCTAACTGCCTATT-1,2
TCTAACTGTTCGGA-1,2
TCTAAGCTGAGGAC-1,2
TCTAAGCTGCATAC-1,1
TCTAGACTAAAAGC-1,1
TCTAGACTGCTTAG-1,2
TCTAGACTGTAAAG-1,2
TCTAGACTTGACCA-1,2
TCTAGTTGATCGGT-1,2
TCTAGTTGCCGATA-1,1
TCTAGTTGGCTAAC-1,2
TCTAGTTGTGTCCC-1,1
TCTAGTTGTGTGCA-1,2
TCTATGTGAAGATG-1,1
TCTATGTGGGTTCA-1,1
TCTATGTGTAGAGA-1,2
TCTCAAACACGCAT-1,1
TCTCAAACGCCAAT-1,1
TCTCCACTTCAGGT-1,1
TCTCTAGACTAGTG-1,1
TCTCTAGATCGCTC-1,1
TCTGATACGGTGTT-1,2
TCTGATACTACGAC-1,2
TCTGATACTCGTGA-1,1
TCTGATACTCTCTA-1,2
TCTTACGAACTTTC-1,2
TCTTACGATCGATG-1,1
TCTTACGATTGGCA-1,1
TCTTCAGATACAGC-1,1
TCTTGATGTGCTCC-1,2
TGAAATTGATCGGT-1,2
TGAAATTGGACGTT-1,2
TGAAATTGGTCTAG-1,2
TGAACCGACCAGTA-1,2
TGAACCGACTCATT-1,2
TGAACCGACTTATC-1,1
TGAAGCACCAAGCT-1,2
TGAAGCACGCCAAT-1,2
TGAAGCTGAGCTCA-1,2
TGAAGCTGGCATCA-1,1
TGAAGCTGGTCAAC-1,2
TGAAGCTGTCGATG-1,2
TGAATAACTTCTCA-1,1
TGACCAGACTCTTA-1,1
TGACCAGAGATAAG-1,2
TGACCAGAGCGTTA-1,1
TGACGAACACACAC-1,2
TGACGAACGGTGGA-1,2
TGACGAACTGAACC-1,2
TGACGATGACACTG-1,1
TGACGATGAGCATC-1,2
TGACGATGCCTTTA-1,1
TGACGATGCTACGA-1,2
TGACGATGGCCCTT-1,1
TGACGATGGTAGCT-1,1
TGACGATGGTGTAC-1,1
TGACGCCTCAACCA-1,1
TGACGCCTGCTAAC-1,2
TGACGCCTTAGACC-1,1
TGACTGGACAGAAA-1,2
TGACTGGACCATGA-1,1
TGACTTACTTGCAG-1,1
TGACTTACTTGTCT-1,1
TGACTTTGAGCGTT-1,2
TGAGACACATCAGC-1,1
TGAGACACGGCGAA-1,1
TGAGACACTAGCGT-1,2
TGAGCAACACACTG-1,2
TGAGCAACCGTACA-1,1
TGAGGACTAACGAA-1,1
TGAGGACTAGAGTA-1,1
TGAGGACTCTCATT-1,2
TGAGGTACAGGTTC-1,1
TGAGGTACCGTTGA-1,2
TGAGGTACGCAAGG-1,2
TGAGGTACGTATCG-1,1
TGAGGTACGTTGGT-1,2
TGAGGTACTTCAGG-1,2
TGAGGTACTTGAGC-1,2
TGAGTGACCTTCTA-1,1
TGAGTGACGGGCAA-1,2
TGAGTGACTACAGC-1,1
TGAGTGACTGCTCC-1,1
TGATAAACCGTAGT-1,2
TGATAAACGATAGA-1,1
TGATACCTACCCAA-1,2
TGATACCTGTAGCT-1,1
TGATATGATCGTGA-1,1
TGATATGATGTCTT-1,1
TGATCGGAAGAACA-1,2
TGATCGGACAAAGA-1,2
TGATCGGACCCGTT-1,2
TGATTAGATATCGG-1,2
TGATTCACGCTAAC-1,1
TGATTCTGCCTCCA-1,2
TGCAACGACTCGCT-1,2
TGCAACGAGGACTT-1,1
TGCAAGACGAAAGT-1,1
TGCAAGACTTACCT-1,2
TGCAAGTGAGCGGA-1,2
TGCAAGTGATGTGC-1,2
TGCAAGTGTGTCTT-1,1
TGCAATCTACACTG-1,2
TGCAATCTCCAACA-1,1
TGCAATCTGAACTC-1,2
TGCAATCTGCGAGA-1,1
TGCACAGACGGAGA-1,2
TGCACAGAGTTGCA-1,1
TGCACAGATCGTGA-1,2
TGCACGCTGGTCTA-1,2
TGCAGATGATCAGC-1,1
TGCAGATGCTTACT-1,2
TGCAGATGGGTAAA-1,2
TGCAGATGGGTAGG-1,2
TGCCAAGAAGTGCT-1,2
TGCCAAGAGAATCC-1,2
TGCCAAGATCGTGA-1,2
TGCCACTGAACAGA-1,2
TGCCACTGATAAGG-1,1
TGCCACTGGTGCTA-1,1
TGCCAGCTCTGAGT-1,2
TGCCCAACAAGATG-1,1
TGCCCAACAGTGCT-1,1
TGCCCAACTGTTTC-1,1
TGCCGACTATCTCT-1,2
TGCCGACTTGCTTT-1,2
TGCGAAACCCACCT-1,2
TGCGCACTTATGCG-1,2
TGCGTAGAATCACG-1,2
TGCGTAGACTGACA-1,2
TGCTAGGAAAAGCA-1,1
TGCTAGGATAACGC-1,1
TGCTAGGATGTCGA-1,1
TGCTGAGATATCGG-1,2
TGCTGAGATTGGTG-1,1
TGCTTAACCTGTGA-1,1
TGCTTAACCTTGTT-1,1
TGCTTAACTTACCT-1,2
TGGAAAGAAGCGGA-1,2
TGGAAAGAGGCATT-1,1
TGGAACACACGTAC-1,1
TGGAACACCCTTGC-1,2
TGGAACACGAACTC-1,2
TGGAACACGTCATG-1,2
TGGAACACGTTTCT-1,2
TGGAACTGAAAACG-1,2
TGGAACTGATTCGG-1,2
TGGAACTGTGCAGT-1,2
TGGACCCTACGTTG-1,2
TGGACCCTACTCAG-1,2
TGGACCCTAGAAGT-1,1
TGGACCCTTGGGAG-1,2
TGGACTGAGTTCGA-1,1
TGGAGACTCAGAGG-1,1
TGGAGGGACTGCAA-1,1
TGGAGGGAGGACGA-1,2
TGGAGGGATCGCCT-1,2
TGGATCGACAGATC-1,2
TGGATCGATGAGCT-1,2
TGGATGACACGTGT-1,1
TGGATGACAGATCC-1,1
TGGATGTGAACGAA-1,2
TGGATGTGATCGAC-1,2
TGGATGTGTGTCAG-1,1
TGGATTCTGCGAAG-1,1
TGGATTCTTCGTAG-1,2
TGGCACCTATCTTC-1,1
TGGCACCTGAGGTG-1,1
TGGCACCTTGAGGG-1,2
TGGGTATGGATGAA-1,1
TGGGTATGGTTAGC-1,1
TGGGTATGTCACCC-1,1
TGGGTATGTGTCTT-1,1
TGGTACGACCGCTT-1,2
TGGTACGAGTAAGA-1,1
TGGTACGAGTCCTC-1,1
TGGTAGACGGTGGA-1,2
TGGTAGTGCGCTAA-1,1
TGGTAGTGGCTAAC-1,1
TGGTATCTTTCTGT-1,1
TGGTCAGACTGGAT-1,1
TGGTTACTCGTACA-1,1
TGTAAAACCATTTC-1,2
TGTAAAACTTGCGA-1,1
TGTAACCTACACTG-1,2
TGTAACCTACTTTC-1,1
TGTAATGACAACCA-1,2
TGTAATGACTCGCT-1,1
TGTAATGACTGACA-1,2
TGTAATGATCTATC-1,1
TGTACTTGACTAGC-1,2
TGTACTTGGTCCTC-1,2
TGTAGGTGGATAGA-1,1
TGTAGGTGTCCTGC-1,2
TGTAGGTGTGTCGA-1,1
TGTAGTCTACGGTT-1,1
TGTAGTCTAGCGTT-1,1
TGTATCTGAACGTC-1,2
TGTATCTGATTCGG-1,1
TGTATCTGGGTGAG-1,1
TGTATCTGTCTTAC-1,1
TGTATGCTTAACCG-1,1
TGTCAGGAAGTACC-1,1
TGTCAGGAGAACTC-1,1
TGTCTAACATCACG-1,2
TGTCTAACTCCCAC-1,2
TGTCTAACTCCTGC-1,2
TGTCTAACTCTACT-1,2
TGTGACGACCCAAA-1,2
TGTGACGACTGTCC-1,1
TGTGACGATCGACA-1,1
TGTGACGATTTCTG-1,2
TGTGAGTGCTAGAC-1,2
TGTGAGTGGCTAAC-1,2
TGTGAGTGGGTATC-1,1
TGTGAGTGTTGCGA-1,1
TGTGAGTGTTGTCT-1,2
TGTGATCTACCAAC-1,1
TGTGATCTCGCTAA-1,2
TGTTAAGAGCGTTA-1,2
TGTTAAGAGTCATG-1,1
TGTTAAGATCGCAA-1,1
TGTTACACAGCTCA-1,2
TGTTACACCAGAGG-1,1
TGTTACACCCACAA-1,1
TGTTACACCTGAGT-1,2
TTAACCACTGAAGA-1,2
TTACACACGCGTTA-1,2
TTACCATGACGCTA-1,1
TTACCATGGTGTTG-1,2
TTACCATGTGGTTG-1,1
TTACGACTAGCAAA-1,1
TTAGAATGATCGAC-1,1
TTAGAATGCGTTGA-1,1
TTAGACCTAACCAC-1,1
TTAGACCTACGGTT-1,1
TTAGCTACCAGTTG-1,1
TTAGCTACTAAAGG-1,2
TTAGCTACTAGCGT-1,2
TTAGGGACAGCTAC-1,2
TTAGGTCTCGCAAT-1,1
TTAGGTCTCTCTCG-1,1
TTAGTCACACAGCT-1,2
TTAGTCACACGTGT-1,1
TTAGTCACTAACGC-1,1
TTAGTCTGAGAAGT-1,2
TTAGTCTGGTTAGC-1,1
TTATGAGAAAGCAA-1,2
TTATGAGAACAGCT-1,2
TTATGAGACATTGG-1,2
TTATGAGATGATGC-1,2
TTATGAGATTTGGG-1,2
TTATGCACAAACAG-1,1
TTATGCACGAGCTT-1,2
TTATGCACTCCTCG-1,1
TTATGCACTGAGCT-1,1
TTATGGCTTGACTG-1,2
TTATGGCTTTCGCC-1,2
TTATTCCTGCGTTA-1,2
TTATTCCTTCCCAC-1,1
TTCAAAGAACCACA-1,2
TTCAACACCACCAA-1,1
TTCAACACCATGCA-1,2
TTCAACACCTTCCG-1,2
TTCAACACTTCGCC-1,1
TTCAACACTTTGTC-1,2
TTCAAGCTCGACTA-1,1
TTCACAACACGCTA-1,2
TTCACAACTTCCGC-1,2
TTCACCCTCAACCA-1,1
TTCACCCTCTGGAT-1,2
TTCACCCTGGCAAG-1,2
TTCAGACTCAGATC-1,2
TTCAGACTGACGGA-1,2
TTCAGACTGTTTGG-1,2
TTCAGACTTAAGCC-1,1
TTCAGACTTGAGAA-1,2
TTCAGTACAACTGC-1,2
TTCATCGACAGGAG-1,1
TTCATGACCTCTAT-1,2
TTCATGTGATGTGC-1,1
TTCATTCTCTGATG-1,2
TTCATTCTGCGTTA-1,2
TTCATTCTGGTTTG-1,2
TTCCAAACACACCA-1,1
TTCCAAACCCTACC-1,2
TTCCAAACCTCATT-1,1
TTCCAAACGCCATA-1,1
TTCCATGAAGTCGT-1,1
TTCCATGACTTGCC-1,2
TTCCATGATGACCA-1,1
TTCCCACTAGTGTC-1,2
TTCCCACTCACTAG-1,2
TTCCTAGAAAGAAC-1,1
TTCCTAGAACCCTC-1,2
TTCCTAGAGATACC-1,2
TTCCTAGAGTCTAG-1,1
TTCGAGGAGTGAGG-1,2
TTCGAGGATGCCTC-1,1
TTCGATTGAACCAC-1,2
TTCGATTGCTGTCC-1,2
TTCGGAGAACAGTC-1,1
TTCGGAGAACGCTA-1,1
TTCGGAGACTATTC-1,2
TTCGGAGATTCTAC-1,2
TTCGTATGCGAGAG-1,2
TTCGTATGGGACTT-1,1
TTCGTATGGGTTCA-1,2
TTCGTATGTGGAAA-1,2
TTCGTATGTTGCAG-1,2
TTCTACGAGATGAA-1,1
TTCTACGATAACGC-1,2
TTCTAGTGCCATAG-1,1
TTCTCAGATGGAAA-1,1
TTCTGATGAGAACA-1,1
TTCTGATGATTCTC-1,2
TTCTGATGCTGTTT-1,2
TTCTGATGGAGAGC-1,2
TTCTTACTGTTGAC-1,1
TTCTTACTTAAGGA-1,1
TTGAATGAATTCCT-1,1
TTGAATGACTGCAA-1,2
TTGACACTCTAGCA-1,2
TTGACACTTCCCGT-1,2
TTGACACTTCTCAT-1,2
TTGACACTTTCTGT-1,2
TTGAGGACTCCTCG-1,1
TTGAGGACTTTGCT-1,2
TTGAGGTGAGCGGA-1,1
TTGAGGTGGTTCAG-1,2
TTGAGGTGTCCCAC-1,2
TTGATCTGAGCTAC-1,2
TTGATCTGCGTGAT-1,2
TTGATCTGCTGACA-1,1
TTGCATTGAGACTC-1,1
TTGCATTGATGCCA-1,2
TTGCTAACGTTCGA-1,2
TTGGAGTGCCTTCG-1,1
TTGGAGTGTAACGC-1,1
TTGGAGTGTCTCGC-1,2
TTGGGAACGCGTAT-1,1
TTGGGAACGTGTCA-1,2
TTGGTACTAGCGGA-1,2
TTGGTACTGAGAGC-1,1
TTGGTACTGTTGTG-1,2
TTGTACACACGACT-1,2
TTGTACACGTCTGA-1,2
TTGTAGCTATCTTC-1,2
TTGTCATGATAAGG-1,1
TTGTCATGCAGTTG-1,1
TTGTCATGTCTTTG-1,2
TTTAGAGAATCTTC-1,2
TTTAGAGACGATAC-1,1
TTTAGAGAGATGAA-1,2
TTTAGAGATACGCA-1,2
TTTAGCTGAGCACT-1,1
TTTAGCTGCGGTAT-1,1
TTTAGCTGCTAGAC-1,2
TTTAGCTGTGGAAA-1,2
TTTAGCTGTGGGAG-1,1
TTTAGCTGTTCCCG-1,1
TTTAGGCTCCTACC-1,2
TTTATCCTGCTTCC-1,1
TTTATCCTTCCTAT-1,2
TTTATCCTTCTAGG-1,2
TTTATCCTTGTTTC-1,1
TTTCACGAAGCAAA-1,1
TTTCACGACGTGTA-1,2
TTTCACGAGTCATG-1,2
TTTCACGAGTCTGA-1,2
TTTCACGAGTGTTG-1,2
TTTCAGTGCGCCTT-1,2
TTTCAGTGTGACAC-1,2
TTTCCAGACCTCAC-1,2
TTTCCAGAGCTGTA-1,1
TTTCGAACATACCG-1,2
TTTCGAACGAACTC-1,1
TTTCTACTAACGAA-1,2
TTTCTACTGTCTAG-1,2
TTTGACTGCCCTCA-1,2
TTTGACTGTCATTC-1,2
TTTGACTGTGGGAG-1,1
TTTGCATGCTCATT-1,1
TTTGCATGTTGTCT-1,2
